text,label,label_name,label_cn,source,pred,pred_prob,orig_cn,pred_cn,核验编号,LLM判定,LLM建议标签,LLM置信,LLM理由,LLM判定_修正
上午从上海回北京，飞机只晚了两小时。,0,happy,开心,nlpcc2014,5,0.9995485,开心,焦虑,50,标签正确,开心,中,仅晚两小时，隐含庆幸满足,标签正确
鱼姜: 诸侯鱼: [话筒][话筒][话筒][话筒][话筒] 求转发！不要恐慌！不要一股脑去医院！,0,happy,开心,smp2020,5,0.8679923,开心,焦虑,22,标签错误,焦虑,中,呼吁不要恐慌，含担忧情绪,标签错误
和朋友传微信的时候，总喜欢听下自己发出去的声音。,0,happy,开心,nlpcc2014,5,0.76295835,开心,焦虑,17,标签正确,开心,中,喜欢听自己声音，愉悦,标签正确
宁可白的病态也不要黑的惶恐不安――浴室里的灯,0,happy,开心,smp2020,5,0.54340607,开心,焦虑,7,标签错误,焦虑,中,惶恐不安指担忧不安,标签错误
别人都拿了好几个offer了我还没有开始申请，真怕学校不要我,4,fear,恐惧,smp2020,5,0.99997294,恐惧,焦虑,56,标签错误,焦虑,高,怕学校不要我，未来担忧,标签错误
昨晚又做噩梦了，梦见单位工作的场景，被客户欺负。想到28号晚上做的噩梦，不寒而栗。手指甲被人硬生生用尖锐刀物夹下来，血肉模糊。我知道这是因为睡前思绪紊乱所致。很多都是我在现实生活里所害怕逃避的。潜意识里的逃避都在梦境里面出现。现在回想起来，和小武的婚姻，最大一部分是因为,4,fear,恐惧,smp2020,5,0.46173277,恐惧,焦虑,2,标签错误,恐惧,中,噩梦被伤害，不寒而栗,边界模糊
一想到考完的那分钟，就心好痛倒计时18天。,2,sad,悲伤,smp2020,5,0.9999995,悲伤,焦虑,60,标签错误,焦虑,中,倒计时心好痛，考试压力,标签错误
基本没复习，挂科看似是必然的了。,2,sad,悲伤,nlpcc2014,5,0.99999,悲伤,焦虑,59,标签错误,焦虑,中,挂科必然，担忧结果,标签错误
本来要在十一点睡的我十一点才踏着回寝室的门在陌生的地方待了一整天天黑了以后惶恐不安好多这种莫名奇妙心慌的时候都会想如果你在就好了要死了讲这种话智商捉鸡根本很多地方无法理解也会害怕得闭上耳朵深夜的武汉聒噪闷热又掩藏不了空气里的人们隐约的孤独,2,sad,悲伤,smp2020,5,0.99993825,悲伤,焦虑,55,标签错误,焦虑,高,惶恐不安心慌，持续担忧,标签错误
#韩国出现一武汉肺炎确诊病例##浙江发现5例武汉来浙并有发热等症状患者# 我有衣服从杭州寄过来 还在路上 我还能收嘛[泪][泪] 一波一波热搜搞得心慌慌[委屈][委屈] ??,2,sad,悲伤,smp2020,5,0.99958247,悲伤,焦虑,52,标签错误,焦虑,高,疫情热搜心慌慌，担忧,标签错误
突然觉得好累，想放开一切，想让脑子静一静。,2,sad,悲伤,nlpcc2014,5,0.9994929,悲伤,焦虑,49,标签正确,悲伤,中,好累想放开一切，对现状低落无奈,标签正确
一个以前很喜欢的博主2015年没有更新过微博，停更之前说身体不好住院了，我好担心她是不是屎了,2,sad,悲伤,smp2020,5,0.99882835,悲伤,焦虑,48,标签错误,焦虑,高,担心博主安危，对未知担忧,标签错误
看着别人有的都下班了，我还在看大门，我内心是崩溃的,2,sad,悲伤,smp2020,5,0.99178267,悲伤,焦虑,41,标签正确,悲伤,中,内心崩溃，对现状失落无奈,标签正确
1000买几件衣服，冬天了，都没有衣服穿。,2,sad,悲伤,smp2020,5,0.980265,悲伤,焦虑,36,标签正确,悲伤,中,没衣服穿，无奈失落,标签正确
突然想到未来两年看不到网红更新INS我的内心是崩溃的,2,sad,悲伤,smp2020,5,0.87814826,悲伤,焦虑,24,标签正确,悲伤,中,内心崩溃，对未来失落,标签正确
寒风凛冽，大雪中的我在担心远方的你冷不冷…,2,sad,悲伤,smp2020,5,0.80824697,悲伤,焦虑,18,标签错误,焦虑,高,担心远方的人，属担忧,标签错误
我真的快崩溃了不想看到这种消息了 希望大家都平安 早点战胜这个新型冠状病毒！,2,sad,悲伤,smp2020,5,0.66242945,悲伤,焦虑,11,标签正确,悲伤,中,快崩溃，对疫情消息低落,标签正确
接完电话又眯在床上，再睁眼就来不及了,2,sad,悲伤,smp2020,5,0.64799047,悲伤,焦虑,9,标签错误,焦虑,中,来不及了，对迟到担忧,标签错误
上学好辛苦上完上午还有一下午玛德晚上还有三节自习在学校哪里满满都是人每天都是作业永远做不完的试卷在宿舍宿管不是黑户就嚷的还天天乱扣分班主任知道了还找事还白愣的让人害怕教室里还都是虫子天天咬的都是疙瘩班里还有黑社会让人提心吊胆的……即使这样我的体重还再不断上涨[眼泪]大写的生无可恋[口罩],2,sad,悲伤,smp2020,5,0.4720723,悲伤,焦虑,4,标签正确,悲伤,中,生无可恋，对上学辛苦低落,标签正确
下午要不要上班，[思考][思考]怕被叫去验尸。,3,angry,愤怒,nlpcc2014,5,0.9999894,愤怒,焦虑,58,标签错误,焦虑,高,怕被叫去验尸，对未发生担忧,标签错误
明天帮他刷了以后再也不刷了，手指头都按痛了。,3,angry,愤怒,nlpcc2014,5,0.9999777,愤怒,焦虑,57,标签错误,悲伤,中,手指按痛抱怨，无奈沮丧非愤怒,标签错误
光顾着写代码，吃完饭回来忘了领体力了。,3,angry,愤怒,smp2020,5,0.99976784,愤怒,焦虑,54,标签错误,悲伤,中,忘领体力的懊恼失落，非愤怒,标签错误
现在赶往533医院，估计又是拍保安了。,3,angry,愤怒,nlpcc2014,5,0.99972147,愤怒,焦虑,53,边界模糊,焦虑,低,赶往医院估计拍保安，担忧不安,边界模糊
早该如此啊！害我们担惊受怕的。,3,angry,愤怒,smp2020,5,0.9995585,愤怒,焦虑,51,标签正确,愤怒,中,害我们担惊受怕，指责抱怨,标签正确
担心着全世界最莫名其妙的罚款；,3,angry,愤怒,nlpcc2014,5,0.89093864,愤怒,焦虑,26,标签错误,焦虑,高,担心罚款，对未来担忧,标签错误
一周没看工作邮件，接个电话都战战兢兢，这样的工作态度也难怪赚多少花多少了。,3,angry,愤怒,smp2020,5,0.8413577,愤怒,焦虑,20,标签错误,焦虑,高,战战兢兢，对工作担忧不安,标签错误
有时候想去他妈的真不想再考研了头发一把一把掉学也学不下去总是馋妈妈做的菜无业游民又没有财务自由最可怕的是孤独挫败无力自责害怕绷不住了_(:_」∠)_,3,angry,愤怒,smp2020,5,0.70723313,愤怒,焦虑,12,标签错误,悲伤,中,孤独挫败无力自责，低落崩溃,标签错误
这两天心里特闷的慌。讨厌这种感觉。,3,angry,愤怒,nlpcc2014,5,0.52046746,愤怒,焦虑,6,标签正确,愤怒,中,讨厌这种感觉，烦躁不满,标签正确
#新型冠状病毒# 比恐慌更可怕的是怠慢。—《看见》（讲述非典时所写到） ??,3,angry,愤怒,smp2020,5,0.5164009,愤怒,焦虑,5,标签错误,焦虑,中,恐慌怠慢，对危险的担忧,标签错误
我这个妈真的是很心塞，停针六天，停药五天，不就是剃头了么，洗澡了么？然后就又发烧了，真的不知道该怎么养娃了，担惊受怕的，我帮你病好吗、,5,anxious,焦虑,smp2020,2,0.9980725,焦虑,悲伤,47,标签错误,焦虑,中,担惊受怕，对孩子病情担忧,边界模糊
小区里遛狗的遛狗，溜孩子的溜孩子，一片悠然，也不知道是什么时候恐慌抢购的，大家这么悠然的恐慌真的好吗？,5,anxious,焦虑,nlpcc2014,3,0.99791735,焦虑,愤怒,46,标签正确,焦虑,中,对恐慌抢购的担忧不安,标签正确
双十一买的东西要到明年才来见我吗,5,anxious,焦虑,smp2020,2,0.99764484,焦虑,悲伤,45,标签正确,焦虑,中,对快递延迟的担忧,标签正确
27周：离预产期越来越近，离安全期也越来越近，反而越发的担心，胎动和分泌物稍微不正常点，就各种担惊受怕，怕早产怕提前破水，走路也会越发的小心，这样的心情怕是要到30周以后才会放松些吧，开始给宝宝准备物品了，作为新手对此一片茫然，只能翻翻别人的攻略，跟风买买。现在最大的心愿,5,anxious,焦虑,smp2020,0,0.9975836,焦虑,开心,44,标签正确,焦虑,高,担心早产破水，持续担忧,标签正确
#国内确诊324例新型肺炎病例#河北唐山的我好慌 河北挺住！[作揖] ??,5,anxious,焦虑,smp2020,4,0.9964401,焦虑,恐惧,43,标签正确,焦虑,高,疫情当前感到慌张不安,标签正确
"Logiquedelasensation:一线门诊没有防护服，物价涨，物资缺，然后只能上网来求助，我不知道怎么说。 世界末日旗旗子: 顾硬硬:这种情况，我们如何能尽快帮上忙？希望尽快看到方式方法，欢迎评论区分享。我妈妈在一线门诊没有防护服，没有护目镜，口罩每天只能拿到一个，我们的焦急和担忧，谁能""",5,anxious,焦虑,smp2020,2,0.99609816,焦虑,悲伤,42,标签正确,焦虑,高,焦急担忧一线物资短缺,标签正确
在那天带上耳机勉强入睡的失眠后半夜，做的梦简直可怕：来到陌生的寝室，加上我总共5人，其中3个女生要杀掉另1个，我作为旁观者被告知却全程观战，恨不得要找个地方藏起来一方面躲避嫌疑不同流合污，一方面又没勇气告知那个女生怕被同样排挤，呵呵，真是我的性格啊，想做好人装善良又害怕麻烦与困境..,5,anxious,焦虑,smp2020,4,0.98763496,焦虑,恐惧,40,标签错误,恐惧,中,噩梦中被杀的害怕,标签错误
想找一支娇滴滴水红色怎么那么难，不行我就回购chicca69了,5,anxious,焦虑,smp2020,2,0.98524576,焦虑,悲伤,39,标签错误,悲伤,低,找不到口红的无奈沮丧,标签错误
考不完的试，学不完的习，天啊。。。,5,anxious,焦虑,nlpcc2014,2,0.9823219,焦虑,悲伤,38,标签正确,焦虑,中,考试学习压力大烦躁,标签正确
今年的行程計劃了不少 不知道最終能去成几個 剛才想起去年定下今年暑假要去日照來着 又看見同學說暑假入藏求同去 我是想去來著 可是我的暑假好像都計劃完沒有空閒了。。。[晕],5,anxious,焦虑,nlpcc2014,2,0.9807662,焦虑,悲伤,37,标签正确,焦虑,中,行程冲突的纠结担忧,标签正确
意思就是跟他姐一样的心性成长，女人啊！懂事点，太让人担心，会让人害怕。我怕的是你养了他的孩子，到最后反过来咬死你。这社会太可怕了。敢这样抛弃他老婆的人，这种人还算是人吗？,5,anxious,焦虑,smp2020,3,0.980184,焦虑,愤怒,35,标签错误,恐惧,中,对社会可怕的害怕,标签错误
乘上飞机那一刻，生与死都不是自己决定的，强大的气流是我最恐惧的，那种不安和惶恐无法形容，旅途中无论多晚多累都不重要，平安抵达就是最好的，已安全到达昆明机场了，明天开始我的云南之旅……(艳后),5,anxious,焦虑,smp2020,0,0.97725016,焦虑,开心,34,标签正确,焦虑,中,气流恐惧与不安惶恐，属担忧,标签正确
正确传播！四年前发的微博，今天有必要再翻出来一下，希望大家能够好好地看看，我感觉齐鲁晚报和南方周末之见相差了100个xxx报！利用媒体的影响力不经科学求证人为制造恐慌，太可怕了。[怒],5,anxious,焦虑,smp2020,3,0.9702603,焦虑,愤怒,33,标签错误,愤怒,高,指责媒体制造恐慌，带怒表情,标签错误
雨什么时候才能停啊，我想去跑步,5,anxious,焦虑,smp2020,2,0.9671156,焦虑,悲伤,32,标签正确,焦虑,中,等雨停的烦躁急切,标签正确
静不下来，静不下来，静不下来～～～,5,anxious,焦虑,smp2020,3,0.9646543,焦虑,愤怒,31,标签正确,焦虑,高,静不下来，烦躁不安,标签正确
"郝聚民:在中国林林总总的问题中,我最担心的是教育.",5,anxious,焦虑,nlpcc2014,3,0.9622507,焦虑,愤怒,30,标签正确,焦虑,高,担心教育问题,标签正确
心里有事，所以睡不好觉了，怎么破？,5,anxious,焦虑,smp2020,2,0.95185125,焦虑,悲伤,29,标签正确,焦虑,高,心里有事睡不好，担忧,标签正确
给家里买了2200的显示器-家里的主机太OUT了-折腾死人了-要命,5,anxious,焦虑,smp2020,3,0.9348905,焦虑,愤怒,28,标签错误,愤怒,中,折腾死人，烦躁抱怨,标签错误
其实我现在好慌啊，19号从广东自驾回重庆，中途在广西河池城市便捷酒店住了一晚，20号晚上到，一直没感觉任何不适，但昨天21号下午坐地铁去了洪崖洞没戴口罩（因为没买到）回来明显感觉吞咽时喉咙痛，今天去镇里的药店拿了扁桃体发炎的药，吃了一次还是没好转的迹象[失望]#新型冠状病毒# ??,5,anxious,焦虑,smp2020,4,0.89569086,焦虑,恐惧,27,标签正确,焦虑,高,担心感染新冠，惶恐,标签正确
我可以说我饿了么[抓狂]、啊啊啊啊啊啊|||||饿死了！！！,5,anxious,焦虑,nlpcc2014,2,0.8854301,焦虑,悲伤,25,标签错误,焦虑,低,饿到抓狂，偏烦躁,边界模糊
交友也是校园文化之一，但谈恋爱影响学业的话就值得担心了。,5,anxious,焦虑,nlpcc2014,0,0.86979985,焦虑,开心,23,标签正确,焦虑,高,担心恋爱影响学业,标签正确
1月18号校假12号院假哎呦哎呦好激动可是妈的转念一想打卡要打到十二月多室友都打完了就剩我在凌晨的风中凌乱,5,anxious,焦虑,smp2020,2,0.8670343,焦虑,悲伤,21,标签正确,焦虑,中,对打卡任务未完成的烦躁担忧,标签正确
确实如此，自己没有的或者做不到的，或者做的不够好的，就会寄希望于他人帮自己实现。因为要求别人总比要求自己来得容易的多得多。我们会被那个身上拥有自己缺失那部分的人所吸引，但这个人一旦离开，自己会变得惶恐、害怕，好像丢掉自己身上一部分，我们会变得患得患失。我分享了为什么你总是想要理想...,5,anxious,焦虑,smp2020,2,0.80890036,焦虑,悲伤,19,标签正确,焦虑,中,对失去依赖的惶恐患得患失,标签正确
明明想到了一个段子突然又忘记了真是快疯了就是想不起来怎么办,5,anxious,焦虑,smp2020,2,0.75694656,焦虑,悲伤,16,标签正确,焦虑,中,想不起段子的烦躁抓狂,标签正确
"教育已经出了问题拉，现在要赶快扭转[给力] 李百瑶:同意 郝聚民:在中国林林总总的问题中,我最担心的是教育.教育出了问题,毁的可不是一代人的问题.这个错误纠正起来太难了.",5,anxious,焦虑,smp2020,3,0.7518924,焦虑,愤怒,15,标签正确,焦虑,高,明确担心教育问题,标签正确
出门晚十分钟，路况都不同，🚘堵呀不是一般的堵，幸好🐠儿在离上课三分钟的时候到学校了，真悬。这老天是咋的了雨下个不停，就不给喘息的机会晴两天暖暖的阳光好想念噢,5,anxious,焦虑,smp2020,2,0.7388573,焦虑,悲伤,14,标签正确,焦虑,中,赶时间堵车担心迟到的紧张,标签正确
今天去药店排了好久的队也没买到口罩，消毒液一人限买一瓶，这么多人都意识到了要防犯于未然，可怎么也说不动我老爸于是我想到了一个好办法给父母看朋友圈，告诉他们不带口罩不是中国人??不转发十个群，不带口罩十二生肖来年没有好运气戴口罩一到十二月出生的人来年家人平安，生意兴隆相信我看到这些字眼，他们一定会戴口罩#全国已确诊473例新型肺炎病例##怎么劝说父母戴口罩#,5,anxious,焦虑,smp2020,2,0.71856135,焦虑,悲伤,13,标签正确,焦虑,中,买不到口罩劝说父母的担忧,标签正确
有了暖气是好事，可是“兴奋”到这点睡不者，因为三处暖气管道就偏偏我这屋的管道水流声淅淅沥沥的不断，本就属于入睡困难户，再加上这样的节奏……不说了，数羊去……,5,anxious,焦虑,smp2020,2,0.6536412,焦虑,悲伤,10,标签正确,焦虑,高,睡不着觉的烦躁不安,标签正确
拜托快点出现不想再一个人这样下去了🙏,5,anxious,焦虑,smp2020,2,0.62157124,焦虑,悲伤,8,标签正确,焦虑,中,对孤独现状的急切不安,标签正确
回家路上有人经过我旁边跟我说话没理睬，功放起音乐，后来朋友出来说了会话瞥见他没走远，等朋友走了他跟我示意要送我吓得我看到绿灯逃似的跑了，心里想肯定喝多了，不然就是我没戴眼镜遇见过的家长跑友…没灯的路上各种不安回头，还等了个超漫长煎熬的红灯！还好路程不长，后面就大胆走了，吓死宝宝了,5,anxious,焦虑,smp2020,3,0.46933183,焦虑,愤怒,3,标签正确,焦虑,中,被尾随后的持续不安担忧,标签正确
狼狈不堪，彻夜不眠，惶恐不安的一天将过去！愿你以后擦亮眼睛，再也不要把自己莫名其妙陷入难堪的境地！宜州市,5,anxious,焦虑,smp2020,0,0.45090434,焦虑,开心,1,标签正确,焦虑,中,惶恐不安彻夜不眠,标签正确
