核验编号,混淆方向,文本,原标签,baseline预测,SCL预测,双模型一致误判,P(悲伤),P(愤怒),两类概率差margin,模型置信度,核验结论,建议正确标签,备注
1,悲伤→愤怒,#铜仁生活帮#！明明那么害怕，那么胆怯，却又那么的不顾一切！,悲伤,愤怒,愤怒,是,0.4788,0.4898,0.011,0.4898,,,
2,愤怒→悲伤,所以也没什么关系反正没法装大人睡觉,愤怒,悲伤,悲伤,是,0.4793,0.4579,0.0214,0.4793,,,
3,愤怒→悲伤,每天很瞌睡还失眠，这是要闹哪样,愤怒,悲伤,悲伤,是,0.5127,0.4872,0.0255,0.5127,,,
4,愤怒→悲伤,不好的事情，越想越不对劲。哎，又来传播负能量了。,愤怒,悲伤,悲伤,是,0.5183,0.4809,0.0374,0.5183,,,
5,悲伤→愤怒,不开心喏，玻璃心以后不要发朋友圈了,悲伤,愤怒,愤怒,是,0.463,0.531,0.068,0.531,,,
6,悲伤→愤怒,最近打麻将都是输，请问负负可以得正吗？,悲伤,愤怒,愤怒,是,0.4619,0.5373,0.0754,0.5373,,,
7,愤怒→悲伤,以后都不会自己买给自己吃的红丝绒，甜到牙都要掉下来,愤怒,悲伤,悲伤,是,0.5298,0.4434,0.0864,0.5298,,,
8,愤怒→悲伤,张洲:卧操，医院呼吁社会捐赠？……社会捐赠？看来，医院是对他们太失望了。。点到这里，看内容自己理解吧！,愤怒,悲伤,悲伤,是,0.5473,0.4501,0.0972,0.5473,,,
9,悲伤→愤怒,以前应该让我去工地就去工地，现在想自己装修房子铲墙皮我都不知道怎么铲,悲伤,愤怒,愤怒,是,0.4421,0.5575,0.1154,0.5575,,,
10,悲伤→愤怒,每次跟人聊天，聊到某一句，就会知道对方不会再回消息了，然而并不知道怎么样才能再起一个话头。糟糕至极。,悲伤,愤怒,愤怒,是,0.4348,0.5647,0.1298,0.5647,,,
11,悲伤→愤怒,真让人头疼，规律与实践，吸收成长，好烦找不到中心。,悲伤,愤怒,愤怒,是,0.4335,0.566,0.1324,0.566,,,
12,愤怒→悲伤,蛋黄有那么好吗？！,愤怒,悲伤,悲伤,是,0.448,0.2991,0.149,0.448,,,
13,愤怒→悲伤,只是东西居然是坏掉的…,愤怒,悲伤,悲伤,是,0.5753,0.4231,0.1522,0.5753,,,
14,愤怒→悲伤,"破皮鞋的用处可真多:可以制作药囊,高蛋白的皮革奶.",愤怒,悲伤,悲伤,是,0.5647,0.4037,0.161,0.5647,,,
15,悲伤→愤怒,为什么一到晚上就失眠。。。想睡个好觉都辣么困难吗？,悲伤,愤怒,愤怒,是,0.4186,0.5811,0.1624,0.5811,,,
16,悲伤→愤怒,啊啊啊啊不高兴~！,悲伤,愤怒,愤怒,是,0.4138,0.5804,0.1666,0.5804,,,
17,悲伤→愤怒,“这就是我的结局。”“你不要怨我！要怪就怪你爹太过狠心、”她为了他！与家人反目，得到的却只是他为了自己的前程，在她的饭里下毒……好娶知府的女儿、堂堂丞相之女：只落得如此下场；——若怨。也只能怨我自己……识人不明！,悲伤,愤怒,愤怒,是,0.4142,0.585,0.1708,0.585,,,
18,悲伤→愤怒,來看牛肉乾了，今天住醫院第三天，醫生說好轉了，明天還有各項檢查。雖然家人不給養，可是還真不願意賣掉,悲伤,愤怒,愤怒,是,0.4136,0.5856,0.172,0.5856,,,
19,愤怒→悲伤,遭了，被我发现一教有网了，我已经快玩了半个小时了，完了，书没得看了,愤怒,悲伤,悲伤,是,0.5856,0.4131,0.1725,0.5856,,,
20,愤怒→悲伤,晚八点头痛睡下，中途醒来，毫无睡意。失眠到E＋,愤怒,悲伤,悲伤,是,0.5901,0.4052,0.1849,0.5901,,,
21,愤怒→悲伤,微博推广怎么贵了，我记得之前都是凉快多，现在要五块了,愤怒,悲伤,悲伤,是,0.6064,0.3912,0.2153,0.6064,,,
22,愤怒→悲伤,好歹咱也地下这么多年了…,愤怒,悲伤,悲伤,是,0.5871,0.353,0.2341,0.5871,,,
23,愤怒→悲伤,买房给油补吗?,愤怒,悲伤,悲伤,是,0.6179,0.3777,0.2402,0.6179,,,
24,愤怒→悲伤,是吧！！！！！！,愤怒,悲伤,悲伤,是,0.6005,0.3578,0.2428,0.6005,,,
25,悲伤→愤怒,昨晚睡觉就一直在下雨一早上又大了古人还是对的立冬雨一冬雨,悲伤,愤怒,愤怒,是,0.3626,0.614,0.2514,0.614,,,
26,悲伤→愤怒,最近一个多月还是两个多月都没有更视频粉丝掉了八十多,悲伤,愤怒,愤怒,是,0.369,0.6295,0.2605,0.6295,,,
27,愤怒→悲伤,我已经找植物找死了，我差点控制不住自己，手撕标本,愤怒,悲伤,悲伤,是,0.6297,0.3684,0.2613,0.6297,,,
28,愤怒→悲伤,每次无缘无故头痛。要炸了要炸了。不感冒不发热的头痛,愤怒,悲伤,悲伤,是,0.6328,0.3669,0.2659,0.6328,,,
29,愤怒→悲伤,我他吗的为什么老是在一个地方呆不长久··············,愤怒,悲伤,悲伤,是,0.6391,0.3605,0.2786,0.6391,,,
30,愤怒→悲伤,好吧！我是个偏执洁癖至绝症晚期的人洗一床子东西爽吗,愤怒,悲伤,悲伤,是,0.6424,0.3545,0.2879,0.6424,,,
31,悲伤→愤怒,#田口淳之介退社#前段时间还和jump他们做节目，j家联谊什么的，还和yuto表白了，那时候好和谐啊怎么说退社就退社了😳😳😳,悲伤,愤怒,愤怒,是,0.3494,0.6439,0.2945,0.6439,,,
32,悲伤→愤怒,曾经，我的脸上一个痘痘都没有曾经，我还是一个每天只想着吃吃吃回家回家的逗比无语啦啦啦啦,悲伤,愤怒,愤怒,是,0.3495,0.6454,0.2959,0.6454,,,
33,愤怒→悲伤,泰妍的I终于上……上了然而我卡实在狠烂,愤怒,悲伤,悲伤,是,0.6492,0.3451,0.3041,0.6492,,,
34,悲伤→愤怒,奶奶的，都这个点了，还困，，，再坚持半小时就下班了,悲伤,愤怒,愤怒,是,0.3369,0.6577,0.3208,0.6577,,,
35,愤怒→悲伤,我已经控制不了体内的洪荒之力了！每天脸肿的像猪头小队长！,愤怒,悲伤,悲伤,是,0.6633,0.3359,0.3274,0.6633,,,
36,愤怒→悲伤,想平淡的拥有属于自己的小家真的没有想象中那么简单代沟真是件让人头疼的大难题。我真想安静一会儿烦恼,愤怒,悲伤,悲伤,是,0.6629,0.3345,0.3284,0.6629,,,
37,愤怒→悲伤,明天应聘要弹临安遗恨，纠结啊，几年没弹过这曲子了~~~~~~~,愤怒,悲伤,悲伤,是,0.6357,0.2999,0.3357,0.6357,,,
38,愤怒→悲伤,就在刚刚我发现锁门对我来说好特么难,愤怒,悲伤,悲伤,是,0.6719,0.3277,0.3441,0.6719,,,
39,愤怒→悲伤,宿舍要民汉合宿了为毛都大三了还要折腾我,愤怒,悲伤,悲伤,是,0.6733,0.3262,0.3471,0.6733,,,
40,悲伤→愤怒,@抹茶星冰乐TOP1 你对了，我现在知道下雨有多讨厌了，郁闷，因为下雨现在都还没飞啊！！,悲伤,愤怒,愤怒,是,0.3248,0.6728,0.348,0.6728,,,
41,愤怒→悲伤,废了一个星期的时间打出来的东西～今天才说不对……,愤怒,悲伤,悲伤,是,0.6669,0.3115,0.3553,0.6669,,,
42,悲伤→愤怒,说实话这次就是前期不够重视啊，真没得洗。在惯性思维的作用下一出事就一个劲只想着瞒住，瞒得久了连普通民众都什么实话也不敢说，只知道拼命地发“相信你们，不信谣传谣”，也不敢表露出一丝一毫的质疑。结果实在瞒不住消息了，上面开始要求重视了，这才开始严密防控，但是这是公共防疫啊，耽误了最初的隔离工作对之后的影响是不可忽视的……十几年前在舆论封锁上吃的亏，现在可别再来一遍了。,悲伤,愤怒,愤怒,是,0.2788,0.6381,0.3593,0.6381,,,
43,愤怒→悲伤,学医救不了中国人,愤怒,悲伤,悲伤,是,0.6802,0.3181,0.3622,0.6802,,,
44,愤怒→悲伤,迎着风打了五个喷嚏32路是停运了吗,愤怒,悲伤,悲伤,是,0.6824,0.3165,0.3659,0.6824,,,
45,愤怒→悲伤,尼玛身高170以上的女生伤不起啊！！！,愤怒,悲伤,悲伤,是,0.6829,0.3163,0.3666,0.6829,,,
46,愤怒→悲伤,今天老姐要生宝宝了，羊水破了，肚子又不痛，得打催产针了，产房内，老姐肯定着急，而产房外老姐夫和他姐在兴致勃勃讨论着股票，我真是快醉了,愤怒,悲伤,悲伤,是,0.6853,0.3129,0.3724,0.6853,,,
47,愤怒→悲伤,办公室的姐姐呀～你不要再带着耳机边听边唱了～你很陶醉我很折磨呀～脑子嗡嗡的,愤怒,悲伤,悲伤,是,0.6678,0.2949,0.3729,0.6678,,,
48,愤怒→悲伤,为毛西餐里没有面条啊！,愤怒,悲伤,悲伤,是,0.6868,0.3125,0.3743,0.6868,,,
49,愤怒→悲伤,此刻凌晨5:10，心塞塞的，与蚊子斗智斗勇了40分钟，一个也打不死，困的将近崩溃,愤怒,悲伤,悲伤,是,0.6872,0.3122,0.3751,0.6872,,,
50,愤怒→悲伤,农民伯伯辛辛苦苦种的菜，竟然被食堂的阿姨煮的那么难吃,愤怒,悲伤,悲伤,是,0.6883,0.3106,0.3776,0.6883,,,
51,愤怒→悲伤,就因为个年份格式错误我写了一个多小时的东西全部要重写不能一次性说清楚吗,愤怒,悲伤,悲伤,是,0.698,0.3018,0.3962,0.698,,,
52,愤怒→悲伤,2011年6月PLAY杂志SJM高清扫图李赫宰/银赫[鲜花] 没新浪logo会死吗？,愤怒,悲伤,悲伤,是,0.7021,0.2894,0.4127,0.7021,,,
53,愤怒→悲伤,静不下来，静不下来，静不下来～～～,愤怒,悲伤,悲伤,是,0.7105,0.2861,0.4243,0.7105,,,
54,愤怒→悲伤,与其说地不平，实际是腿一个长一个短。,愤怒,悲伤,悲伤,是,0.7079,0.2835,0.4244,0.7079,,,
55,悲伤→愤怒,对着电脑一下午加一晚上我真的要狗带了,悲伤,愤怒,愤怒,是,0.2857,0.7137,0.428,0.7137,,,
56,悲伤→愤怒,隔壁的不是亲妈还在看电视我都这样了,悲伤,愤怒,愤怒,是,0.2842,0.7133,0.429,0.7133,,,
57,愤怒→悲伤,有一种想死的心情越在乎越容易做错啊！,愤怒,悲伤,悲伤,是,0.7168,0.2823,0.4346,0.7168,,,
58,愤怒→悲伤,要任性到什么时候..,愤怒,悲伤,悲伤,是,0.7162,0.2808,0.4354,0.7162,,,
59,愤怒→悲伤,偏头痛偏头痛偏头痛偏头痛！！！,愤怒,悲伤,悲伤,是,0.7174,0.2817,0.4357,0.7174,,,
60,悲伤→愤怒,我不喜欢今天、我要申请休息、然～并～卵～,悲伤,愤怒,愤怒,是,0.277,0.7209,0.4439,0.7209,,,
61,愤怒→悲伤,我也是醉了，上班还没一个星期，办公室钥匙就被我开断了,愤怒,悲伤,悲伤,是,0.7225,0.277,0.4455,0.7225,,,
62,悲伤→愤怒,最近这段时间依然被双十一的物流气到爆，效率真的不行。虽然很多人都收到了，但是还是有一小部分的地区出现了爆仓的情况，停留在当地几天不动也不派送。双十一后遗症，没办法避免，心累啊。,悲伤,愤怒,愤怒,是,0.2766,0.7232,0.4466,0.7232,,,
63,愤怒→悲伤,那些没有被感染的人啊，多少人羡慕，一定要爱护自己！看到一例新的死亡病人，年仅36岁，他们家人得多难过，都是因为那些可恨的吃野味的人，这得害掉多少个家庭啊！希望大家平平安安，一起迎接下一个新年#安徽确诊新冠肺炎15例##上海确诊首例新型冠状病毒感染肺炎##武汉15名医务人员感染新型冠状病毒##武汉加油#,愤怒,悲伤,悲伤,是,0.7247,0.2724,0.4524,0.7247,,,
64,悲伤→愤怒,啊，我想用早上起得来换晚上睡得着已经不能更黄脸婆了,悲伤,愤怒,愤怒,是,0.2691,0.7279,0.4588,0.7279,,,
65,悲伤→愤怒,飙升到三十度是什么鬼！！！！我选择狗带。。。,悲伤,愤怒,愤怒,是,0.2666,0.7304,0.4638,0.7304,,,
66,愤怒→悲伤,人才啊！,愤怒,悲伤,悲伤,是,0.7156,0.2413,0.4742,0.7156,,,
67,愤怒→悲伤,"虽然为了热血,可是定点可否延迟几秒,满场最后都是乱发飞舞,看着照片都想哭.....",愤怒,悲伤,悲伤,是,0.7525,0.2468,0.5057,0.7525,,,
68,愤怒→悲伤,昨天退的，扣了1700多。能退回来吗,愤怒,悲伤,悲伤,是,0.7521,0.2451,0.507,0.7521,,,
69,悲伤→愤怒,为什么要摧毁我对这个世界的美好期望，两三天里感受到的满满恶意比我19年来感受到的还要多，我想回家,悲伤,愤怒,愤怒,是,0.2445,0.7547,0.5102,0.7547,,,
70,悲伤→愤怒,就差个blingbling了。。。,悲伤,愤怒,愤怒,是,0.2402,0.7522,0.512,0.7522,,,
71,悲伤→愤怒,才睡半小时就被折腾醒宿舍暖气太给力盖被子吧热的不行不盖吧蚊子老咬人咋办,悲伤,愤怒,愤怒,是,0.2411,0.7538,0.5128,0.7538,,,
72,愤怒→悲伤,连着熬夜这么多天现在我本人脸是猪肝色的,愤怒,悲伤,悲伤,是,0.7569,0.2424,0.5145,0.7569,,,
73,愤怒→悲伤,对于失眠一开始我是拒绝的真的真的真的脚感不适睡前没有吃药没有泡脚关键明天冬天雨天的！早课,愤怒,悲伤,悲伤,是,0.757,0.242,0.515,0.757,,,
74,愤怒→悲伤,这生日我一点都不想过！！生日也不能自己做决定。。,愤怒,悲伤,悲伤,是,0.7577,0.2346,0.5231,0.7577,,,
75,愤怒→悲伤,"金钱改变了原则,制度的缺失改变了方向,道德的失修改变了人的行为准则.",愤怒,悲伤,悲伤,是,0.7633,0.2348,0.5285,0.7633,,,
76,愤怒→悲伤,一周没看工作邮件，接个电话都战战兢兢，这样的工作态度也难怪赚多少花多少了。,愤怒,悲伤,悲伤,是,0.6997,0.1689,0.5308,0.6997,,,
77,悲伤→愤怒,没工作一定不能熬夜，一定不能熬夜，一定不能熬夜！重要的事情说三遍，早上根本起不来啊！,悲伤,愤怒,愤怒,是,0.233,0.7651,0.5321,0.7651,,,
78,愤怒→悲伤,这才几点就起来复习，看看看，才几点,愤怒,悲伤,悲伤,是,0.7674,0.2309,0.5365,0.7674,,,
79,愤怒→悲伤,手指头被门夹了为什么不是脑子被门夹了,愤怒,悲伤,悲伤,是,0.7716,0.2283,0.5432,0.7716,,,
80,愤怒→悲伤,最近好能吃阿，就是吃不饱。疯狂贴膘中…,愤怒,悲伤,悲伤,是,0.7581,0.2134,0.5446,0.7581,,,
81,悲伤→愤怒,也许另一个世界也有民间舞课，且上课铃声响起…,悲伤,愤怒,愤怒,是,0.0143,0.5612,0.5469,0.5612,,,
82,愤怒→悲伤,而你一而再为药二的狡辩，才是在他们撕裂伤口上一把把地撒盐。,愤怒,悲伤,悲伤,是,0.7692,0.222,0.5472,0.7692,,,
83,愤怒→悲伤,上个班真心不容易😭，真不知道能坚持多久,愤怒,悲伤,悲伤,是,0.7737,0.2255,0.5482,0.7737,,,
84,悲伤→愤怒,感觉这次又没法过了马上就毕业了好不容易顺利升大四了可不能毁在这还是继续逼自己学吧,悲伤,愤怒,愤怒,是,0.221,0.7756,0.5546,0.7756,,,
85,愤怒→悲伤,背背背背稿子～早上背，晚上背の我的内心几乎是崩溃的,愤怒,悲伤,悲伤,是,0.782,0.2138,0.5682,0.782,,,
86,愤怒→悲伤,我发现自己真是闲的，给自己找不痛快，添堵,愤怒,悲伤,悲伤,是,0.7893,0.21,0.5793,0.7893,,,
87,愤怒→悲伤,我已经控制不了我体内的洪荒之力了.,愤怒,悲伤,悲伤,是,0.7865,0.2048,0.5818,0.7865,,,
88,愤怒→悲伤,可不可以减一下肥？看不下去了……,愤怒,悲伤,悲伤,是,0.7901,0.2063,0.5839,0.7901,,,
89,悲伤→愤怒,请你们以后不要在打击我了，我已经成智障了,悲伤,愤怒,愤怒,是,0.2024,0.7944,0.5919,0.7944,,,
90,愤怒→悲伤,昨天欠费几块，今天欠费几十，明天得欠费几百了,愤怒,悲伤,悲伤,是,0.7967,0.2025,0.5943,0.7967,,,
91,悲伤→愤怒,作为一个蠢货我成功地在新手机到来的第五天把插卡那边弯开了觉得自己要被自己蠢哭了呢天呐怎么搞回去啊好烦呀,悲伤,愤怒,愤怒,是,0.1997,0.7979,0.5983,0.7979,,,
92,愤怒→悲伤,2012年7月错误情况：词汇5语法10阅读6听力2【语法有两个错得很蠢……不该错的,愤怒,悲伤,悲伤,是,0.7998,0.1938,0.6061,0.7998,,,
93,愤怒→悲伤,有了暖气是好事，可是“兴奋”到这点睡不者，因为三处暖气管道就偏偏我这屋的管道水流声淅淅沥沥的不断，本就属于入睡困难户，再加上这样的节奏……不说了，数羊去……,愤怒,悲伤,悲伤,是,0.8056,0.1912,0.6144,0.8056,,,
94,愤怒→悲伤,说好的十一点前咪咪结果失眠了！！喵了个咪的,愤怒,悲伤,悲伤,是,0.8013,0.1868,0.6144,0.8013,,,
95,悲伤→愤怒,今晚只能在厕所度过了？闹肚子闹肚子闹肚子大晚上的,悲伤,愤怒,愤怒,是,0.1918,0.808,0.6162,0.808,,,
96,愤怒→悲伤,好大的雨啊，下得人都没有心情干活。,愤怒,悲伤,悲伤,是,0.8141,0.1854,0.6288,0.8141,,,
97,悲伤→愤怒,骗过全世界骗不过的是自己想要得到什么云中雾,悲伤,愤怒,愤怒,是,0.1751,0.8134,0.6383,0.8134,,,
98,愤怒→悲伤,记得有个女同学与我大倒苦水之后我寻思一番：最终反诘她道，“如果我是你理想中的男生、我很可能不会愿意娶你。请问除了父母给你的样貌身段和家境！除去这些你自己又都有些什么……我奋斗成那样的男人不是为了回过头来自贬身价娶个花瓶的，”,愤怒,悲伤,悲伤,是,0.7727,0.1174,0.6552,0.7727,,,
99,悲伤→愤怒,心塞莫过于装好了数据库却连接不了自己的计算机连个做学霸的机会都不给我叫我怎么交作业,悲伤,愤怒,愤怒,是,0.1722,0.8277,0.6555,0.8277,,,
100,愤怒→悲伤,我就纳闷了，我们这个年代怎么这么倒霉啊？,愤怒,悲伤,悲伤,是,0.8282,0.1716,0.6566,0.8282,,,
101,愤怒→悲伤,我能把你当宝，也能把你当草，我不会一直在这里的,愤怒,悲伤,悲伤,是,0.7987,0.1357,0.663,0.7987,,,
102,愤怒→悲伤,以后坚决不来我哥家睡了，对，是坚决，根本睡不着，不同的生活习惯,愤怒,悲伤,悲伤,是,0.8309,0.1674,0.6635,0.8309,,,
103,愤怒→悲伤,除了工资，身边的一切几乎都涨了，但是我们依然需要坚强的活下去，因为墓地现在也涨了。,愤怒,悲伤,悲伤,是,0.8326,0.1646,0.668,0.8326,,,
104,愤怒→悲伤,我是胖了多少啊........,愤怒,悲伤,悲伤,是,0.828,0.1548,0.6733,0.828,,,
105,愤怒→悲伤,疱疹都长到了鼻子里，外表上看不见，美观了，可是这个疼啊，看还看不清，碰还碰不得。,愤怒,悲伤,悲伤,是,0.8467,0.1522,0.6946,0.8467,,,
106,愤怒→悲伤,一大早心情就不美丽，不想工作啊,愤怒,悲伤,悲伤,是,0.8527,0.1469,0.7058,0.8527,,,
107,愤怒→悲伤,今生最后悔的是认识他，嫁给他！我给家人带来这么多烦恼我真得很心痛，就像父母清楚的认识到他的真面目如此的心痛与不甘！我要诅咒他下十八层地狱,愤怒,悲伤,悲伤,是,0.8529,0.1469,0.706,0.8529,,,
108,愤怒→悲伤,1月18号校假12号院假哎呦哎呦好激动可是妈的转念一想打卡要打到十二月多室友都打完了就剩我在凌晨的风中凌乱,愤怒,悲伤,悲伤,是,0.8301,0.1211,0.709,0.8301,,,
109,悲伤→愤怒,这下好了，从大饼脸吃成大盆脸了,悲伤,愤怒,愤怒,是,0.101,0.8103,0.7094,0.8103,,,
110,愤怒→悲伤,那么大个医院检查完了说我右肩有问题，至于问题出在哪又说不出来，要是没问题我能去看？我傻啊！,愤怒,悲伤,悲伤,是,0.8551,0.1438,0.7113,0.8551,,,
111,愤怒→悲伤,每天这样晒我就不信自己还能吃吃吃！！！！最近胖的很呀,愤怒,悲伤,悲伤,是,0.8552,0.1419,0.7133,0.8552,,,
112,悲伤→愤怒,我们还能做什么？,悲伤,愤怒,愤怒,是,0.1394,0.8528,0.7134,0.8528,,,
113,愤怒→悲伤,wait小可爱你以为我首页愿意看见班戟大妈？？？那我真是太委屈了,愤怒,悲伤,悲伤,是,0.8575,0.1407,0.7167,0.8575,,,
114,愤怒→悲伤,好瞧不上自己，因为别人没给我分吃的就堵心，求问如何使自己不这么容易堵,愤怒,悲伤,悲伤,是,0.8604,0.1389,0.7215,0.8604,,,
115,悲伤→愤怒,月考之后评讲卷子语文作文居然偏题了,悲伤,愤怒,愤怒,是,0.1372,0.8622,0.725,0.8622,,,
116,愤怒→悲伤,每天早上挤电梯就跟打仗似的，要全神贯注，不然一不留神就被插队了好心累啊上个班,愤怒,悲伤,悲伤,是,0.8634,0.1356,0.7278,0.8634,,,
117,愤怒→悲伤,我吃了一大碗米饭，两个砂锅，一份寿司，一瓶雪碧还有若干鸭货。。砂锅店的服务员拿来一个小碗给我舍友，说把米饭分分。。分你妹啊，我自己一大碗都不够吃。,愤怒,悲伤,悲伤,是,0.8654,0.1337,0.7317,0.8654,,,
118,悲伤→愤怒,老朋友不懂你的新情况新朋友不懂你的老脾气,悲伤,愤怒,愤怒,是,0.1261,0.8601,0.734,0.8601,,,
119,悲伤→愤怒,腿使不上劲睡到迷迷糊糊无意识用错力硬翻了个身，连腰都扭亲埋😰🙈🙈🙈彻底醒晒！突然想起句煲冬瓜---“老胳膊老腿”😑醒到无聊到再试了几次翻身这个动作，研究了一下到底应该哪发力，然·并·X内心极度无语。长命功夫长命医的节奏。可怜的半月板你到底要闹哪样咧,悲伤,愤怒,愤怒,是,0.1311,0.8682,0.7371,0.8682,,,
120,愤怒→悲伤,莫名其妙的心情不好，下大雨，明天还要上班,愤怒,悲伤,悲伤,是,0.8696,0.1299,0.7396,0.8696,,,
121,愤怒→悲伤,一天到晚的换手机换来换去，头都大了，都不好用,愤怒,悲伤,悲伤,是,0.8728,0.1269,0.7458,0.8728,,,
122,悲伤→愤怒,什么？吃土？我们都是白水里面放几点土渣的。交完房租的我真的要去喝清土水了,悲伤,愤怒,愤怒,是,0.1255,0.8741,0.7486,0.8741,,,
123,愤怒→悲伤,设计院年会，感觉只是一顿无聊的晚餐。,愤怒,悲伤,悲伤,是,0.869,0.1183,0.7508,0.869,,,
124,愤怒→悲伤,心里有事，所以睡不好觉了，怎么破？,愤怒,悲伤,悲伤,是,0.8753,0.1236,0.7517,0.8753,,,
125,愤怒→悲伤,这次地震只是上帝小小的惩罚。,愤怒,悲伤,悲伤,是,0.8266,0.0744,0.7522,0.8266,,,
126,愤怒→悲伤,眼镜丢了小珠珠丢了头发毁了宝宝表示很！不！开！心！,愤怒,悲伤,悲伤,是,0.8763,0.1221,0.7542,0.8763,,,
127,愤怒→悲伤,和小偷挤同一班早班车上班的结果就是手机丢了....,愤怒,悲伤,悲伤,是,0.8807,0.1188,0.7619,0.8807,,,
128,愤怒→悲伤,前兩天不在家請老爸幫我餵狗，他居然給了一個雞腿給豆豆吃，結果現在他對肉有了瘋狂的熱愛，狗糧都不怎麼吃,愤怒,悲伤,悲伤,是,0.8805,0.1184,0.7621,0.8805,,,
129,愤怒→悲伤,TMD一大早脚擦破，手臂擦破，泥煤的今天是我的倒霉日啊,愤怒,悲伤,悲伤,是,0.881,0.1188,0.7622,0.881,,,
130,悲伤→愤怒,眼镜被打坏了！！！,悲伤,愤怒,愤怒,是,0.1164,0.8816,0.7652,0.8816,,,
131,愤怒→悲伤,孔子时代还有许多君王能与民间知识人对话，现在呢，孔子只能当门面，撑在那儿，北望故宫，君主安在？,愤怒,悲伤,悲伤,是,0.8818,0.1155,0.7662,0.8818,,,
132,悲伤→愤怒,爷要吃的是肉，肉！！！！[抓狂],悲伤,愤怒,愤怒,是,0.097,0.869,0.7719,0.869,,,
133,愤怒→悲伤,可是我还是想不通可能运气都被狗吃了吧,愤怒,悲伤,悲伤,是,0.8863,0.1131,0.7731,0.8863,,,
134,悲伤→愤怒,…………都下了一场雪，蚊子居然还活着，咬了个大包,悲伤,愤怒,愤怒,是,0.1091,0.8888,0.7797,0.8888,,,
135,愤怒→悲伤,数学不好是硬伤啊！伤……顺便：该花的钱一定不要攒，没球用，都是给别人攒的,愤怒,悲伤,悲伤,是,0.8891,0.1071,0.782,0.8891,,,
136,愤怒→悲伤,应该俩夫妻一起枪毙🔫可怜的小女孩儿,愤怒,悲伤,悲伤,是,0.8911,0.1082,0.7829,0.8911,,,
137,愤怒→悲伤,自私的人总是暗暗地叹赏自己的聪明，还以为别人愚笨得很，让他占了便宜还不知道。殊不知，自私到头是愚笨。其实，活得累的，常常是那些自私得很的人，他无时不算计，无处不贪婪，他的一生，大概也只能为蝇头小利而奔忙了。,愤怒,悲伤,悲伤,是,0.8914,0.1021,0.7893,0.8914,,,
138,愤怒→悲伤,哎，人类为啥就是不长记性,愤怒,悲伤,悲伤,是,0.8968,0.1028,0.794,0.8968,,,
139,愤怒→悲伤,摄影师拍了一组照片，P掉了大家手中的手机，这就是没有手机的我们。,愤怒,悲伤,悲伤,是,0.8826,0.0852,0.7975,0.8826,,,
140,愤怒→悲伤,这个月花的冤枉钱能买好几年的狗粮了我只想静静,愤怒,悲伤,悲伤,是,0.8985,0.1002,0.7983,0.8985,,,
141,悲伤→愤怒,今天来的飞机上就晕菜了，人生头一遭。,悲伤,愤怒,愤怒,是,0.0983,0.8967,0.7984,0.8967,,,
142,悲伤→愤怒,好希望明天交班的时候说夜班安静，无特殊，不要再搞我了🙏🙏🙏,悲伤,愤怒,愤怒,是,0.0904,0.8935,0.8031,0.8935,,,
143,愤怒→悲伤,算到一半，然后整张纸就成这样了,愤怒,悲伤,悲伤,是,0.9004,0.0966,0.8038,0.9004,,,
144,愤怒→悲伤,疼痛让我度过了难熬的一夜，膏药也没能缓解胳膊给我带来的痛苦，我要疯了！只希望快点好，我还有事情要做呢！,愤怒,悲伤,悲伤,是,0.9019,0.0977,0.8042,0.9019,,,
145,愤怒→悲伤,点不小追了出去，花灵龙说自己没脸见人了，因为那可是自己的初吻呀。,愤怒,悲伤,悲伤,是,0.8608,0.0542,0.8067,0.8608,,,
146,愤怒→悲伤,土地局迟迟不电话通知我领取已办好的土地证，后来找他们领导帮忙问问这事，办事员给出的解释是因为我的名字里有个字不认识，不会念，就一直没有打电话……,愤怒,悲伤,悲伤,是,0.9027,0.0959,0.8068,0.9027,,,
147,愤怒→悲伤,"今晚换了台电脑,不会操作呀,已鼓捣2个小时了",愤怒,悲伤,悲伤,是,0.9042,0.0929,0.8113,0.9042,,,
148,愤怒→悲伤,今天居然出太阳了，又说下雨！害我把多肉搬进来没法晒太阳了。,愤怒,悲伤,悲伤,是,0.9052,0.0928,0.8124,0.9052,,,
149,愤怒→悲伤,我不该吃实验室的橘子，肚子好疼，那感觉就像有只大大的虫子🐛🐛🐛🐛🐛跑进了肚子里,愤怒,悲伤,悲伤,是,0.91,0.0898,0.8202,0.91,,,
150,愤怒→悲伤,猫丑还要多读书还有一直下雨我也就回个家下下下,愤怒,悲伤,悲伤,是,0.8824,0.0617,0.8207,0.8824,,,
151,愤怒→悲伤,我吃的那么少，每天带娃又一刻不得闲，为什么我还不瘦？,愤怒,悲伤,悲伤,是,0.9108,0.0891,0.8217,0.9108,,,
152,悲伤→愤怒,什么时候才能办事不这么毛毛躁躁的沉稳一点,悲伤,愤怒,愤怒,是,0.0874,0.9101,0.8227,0.9101,,,
153,愤怒→悲伤,果然不能相信诸如“今晚做好吃的你回家吃饭”这类的话！一打开家门发现一堆根本不想见的人围在客厅聊天😨还邀请我参加几天后的汗蒸爬梯兴致勃勃的打开锅盖发现所谓的“菜”就是冷掉了超难闻的鱼丸萝卜块汤想自己做点啥吧发现木有盐最后只吃了一个西红柿的我好想哭个痛快,愤怒,悲伤,悲伤,是,0.911,0.087,0.824,0.911,,,
154,悲伤→愤怒,还没拷贝学生提交的作业就关机了，下节课还要继续讲，怎么和学生交代……教师机有写保护，想恢复也恢复不了,悲伤,愤怒,愤怒,是,0.0873,0.9124,0.8252,0.9124,,,
155,愤怒→悲伤,明明想到了一个段子突然又忘记了真是快疯了就是想不起来怎么办,愤怒,悲伤,悲伤,是,0.9128,0.087,0.8258,0.9128,,,
156,悲伤→愤怒,已经无处查找源头了？！,悲伤,愤怒,愤怒,是,0.0842,0.914,0.8298,0.914,,,
157,愤怒→悲伤,搬家时，老爸把这套书当垃圾给扔了的事实的确让我一直郁闷到现在,愤怒,悲伤,悲伤,是,0.9158,0.0839,0.8319,0.9158,,,
158,悲伤→愤怒,现在的我已经疯了再见删去朋友…,悲伤,愤怒,愤怒,是,0.0831,0.916,0.8329,0.916,,,
159,悲伤→愤怒,没有爹娘。,悲伤,愤怒,愤怒,是,0.078,0.9137,0.8357,0.9137,,,
160,悲伤→愤怒,今天真悲早上去练舞，就因为太高从中间调到后面谁来就我,悲伤,愤怒,愤怒,是,0.0794,0.9199,0.8405,0.9199,,,
161,愤怒→悲伤,哥真的不想跟你说话啊。。,愤怒,悲伤,悲伤,是,0.9205,0.0787,0.8418,0.9205,,,
162,悲伤→愤怒,我一个人，有三头六臂？,悲伤,愤怒,愤怒,是,0.0761,0.9205,0.8444,0.9205,,,
163,悲伤→愤怒,和黄姑娘一起忙着吃喝玩乐睡没时间想这些，现在各种闹心各种委屈腰各种疼啊！,悲伤,愤怒,愤怒,是,0.0768,0.9223,0.8455,0.9223,,,
164,愤怒→悲伤,七点就到了，九点一刻才能进去，卖个货也是这么难,愤怒,悲伤,悲伤,是,0.9255,0.0742,0.8513,0.9255,,,
165,愤怒→悲伤,贫穷，愚昧，自私，贪婪哎，说真的，前几十年的担惊受怕，穷苦挨饿都刻到骨子里去了转发微博,愤怒,悲伤,悲伤,是,0.9261,0.0734,0.8527,0.9261,,,
166,愤怒→悲伤,给家里买了2200的显示器-家里的主机太OUT了-折腾死人了-要命,愤怒,悲伤,悲伤,是,0.9263,0.0733,0.8529,0.9263,,,
167,愤怒→悲伤,每一次准备去健身都下雨心中一万个,愤怒,悲伤,悲伤,是,0.9259,0.0729,0.8531,0.9259,,,
168,愤怒→悲伤,又到了不抱娃娃睡不着的时候了该睡觉了,愤怒,悲伤,悲伤,是,0.9274,0.0719,0.8555,0.9274,,,
169,愤怒→悲伤,不可理解，太不可理解了。,愤怒,悲伤,悲伤,是,0.9276,0.0708,0.8568,0.9276,,,
170,愤怒→悲伤,现在网购越来越让人伤心了，东西质量各种保证后反倒假的多了，快递是越来越慢了，感觉回到了解放前，没有十天半个月，东西是不会到的。,愤怒,悲伤,悲伤,是,0.93,0.0697,0.8603,0.93,,,
171,愤怒→悲伤,哎，跑了几天还是没得成，心好累啊卧操…,愤怒,悲伤,悲伤,是,0.9311,0.0687,0.8624,0.9311,,,
172,悲伤→愤怒,最近也没暴饮暴食，可是一称体重沉了好几斤，偷偷涨上来的肉能不能麻烦你再偷偷的回去啊,悲伤,愤怒,愤怒,是,0.0658,0.9335,0.8677,0.9335,,,
173,悲伤→愤怒,海岸城的家乐福太过份了，元旦时买300送60优惠卷（10天后可用），今天去消费优惠券，发现已经是买200送100了。,悲伤,愤怒,愤怒,是,0.0535,0.9243,0.8708,0.9243,,,
174,愤怒→悲伤,习惯了素面朝天的自己，往脸上抹粉觉得好假还是不擦粉舒服啊！又白白浪费钱了！,愤怒,悲伤,悲伤,是,0.9383,0.0606,0.8777,0.9383,,,
175,愤怒→悲伤,想找一支娇滴滴水红色怎么那么难，不行我就回购chicca69了,愤怒,悲伤,悲伤,是,0.9375,0.0587,0.8788,0.9375,,,
176,愤怒→悲伤,淘宝看了半天，100多的个衣服都舍不得买，已经买了，又退了,愤怒,悲伤,悲伤,是,0.9412,0.058,0.8832,0.9412,,,
177,愤怒→悲伤,考不完的试，学不完的习，天啊。。。,愤怒,悲伤,悲伤,是,0.9415,0.0583,0.8832,0.9415,,,
178,悲伤→愤怒,讨厌下雨天偏偏没完没了还要下一个礼拜,悲伤,愤怒,愤怒,是,0.0574,0.9424,0.885,0.9424,,,
179,愤怒→悲伤,屁大点事就哭.,愤怒,悲伤,悲伤,是,0.9425,0.0564,0.8861,0.9425,,,
180,愤怒→悲伤,我可以说我饿了么[抓狂]、啊啊啊啊啊啊|||||饿死了！！！,愤怒,悲伤,悲伤,是,0.9443,0.0554,0.8889,0.9443,,,
181,悲伤→愤怒,白天跟我过不去也就算了 现在还玩我 玩个游戏都不行 玩一次掉一次线 玩一次掉一次线 我招谁惹谁了 。。。,悲伤,愤怒,愤怒,是,0.0549,0.9445,0.8896,0.9445,,,
182,愤怒→悲伤,我都快没脸见人了，痘痘什么时候才能消了,愤怒,悲伤,悲伤,是,0.947,0.0529,0.894,0.947,,,
183,愤怒→悲伤,可悲啊，裁判和门柱主宰了比赛：门柱像把门的铁将军，裁判像吃屎的判官,愤怒,悲伤,悲伤,是,0.9498,0.0495,0.9004,0.9498,,,
184,悲伤→愤怒,中午不睡，下午奔溃，特别是，下午还要体测啊啊啊啊啊啊,悲伤,愤怒,愤怒,是,0.0494,0.9499,0.9005,0.9499,,,
185,悲伤→愤怒,这次肺炎就像是野生动物给我们人类的报复，来的那样没有理由和匆忙。 ?保护环境，爱护动物。事不宜迟。 ??,悲伤,愤怒,愤怒,是,0.0306,0.9349,0.9043,0.9349,,,
186,愤怒→悲伤,等到我所有耐性都消失的那天，那么谁都别想好过了，那些伤害过我的，我一定会让你加倍奉还，不要以为我一直的忍让就是软弱，我只是给你面子而已，别把我逼急了，好自为之,愤怒,悲伤,悲伤,是,0.935,0.0284,0.9066,0.935,,,
187,愤怒→悲伤,总想着睡一觉就不疼了，我都睡了好几觉了，该疼的还是在疼,愤怒,悲伤,悲伤,是,0.9533,0.0466,0.9068,0.9533,,,
188,愤怒→悲伤,单位这里网络实在是太不给力了，蹭网也时断时续，太悲催了,愤怒,悲伤,悲伤,是,0.9536,0.0464,0.9072,0.9536,,,
189,愤怒→悲伤,再不睡我的眼睛明天要睁不开了，痛死了昨晚熬夜熬出来的晚安啦,愤怒,悲伤,悲伤,是,0.9538,0.045,0.9087,0.9538,,,
190,悲伤→愤怒,今年怎么那么怪，都11月过半了气温还那么高，热死了热死了,悲伤,愤怒,愤怒,是,0.0451,0.9544,0.9093,0.9544,,,
191,愤怒→悲伤,腿上的伤口好明显 T T 这又不是玩命啊 去他的节目啊咱本来就够优秀了不是吗？,愤怒,悲伤,悲伤,是,0.9538,0.0431,0.9108,0.9538,,,
192,悲伤→愤怒,这周二次罚款。。。一次白，一次红。。,悲伤,愤怒,愤怒,是,0.0438,0.9557,0.9119,0.9557,,,
193,愤怒→悲伤,包到大半夜还是包不完的货，碎觉,愤怒,悲伤,悲伤,是,0.9564,0.0432,0.9132,0.9564,,,
194,悲伤→愤怒,刚刚听到上水声，给气了？真不容易啊！今冬的暖气就没暖过，总在18度左右，说冷吧，人家给的气达标了，让你无语。但在屋里这衣服穿得层层叠叠的，也愣是把我冻感冒了，没的怪，只能怪自己的身体不争气。,悲伤,愤怒,愤怒,是,0.0427,0.9567,0.914,0.9567,,,
195,悲伤→愤怒,我老板好像又要结婚了。有的人结婚离婚再结婚离婚像玩一样。有的人却还是条单身狗，踢个球都能闪到腰,悲伤,愤怒,愤怒,是,0.0415,0.9559,0.9144,0.9559,,,
196,愤怒→悲伤,那个汗啊！[汗],愤怒,悲伤,悲伤,是,0.9518,0.0367,0.9152,0.9518,,,
197,悲伤→愤怒,不喜欢学校，因为这里太多竞争啦！一点都不太平,悲伤,愤怒,愤怒,是,0.0416,0.9571,0.9155,0.9571,,,
198,愤怒→悲伤,看到这张图片，不禁想起文革时期章伯钧先生家中多年辛苦积累藏书一万余册，却皆被红卫兵造反派拿去烧火取暖。,愤怒,悲伤,悲伤,是,0.9576,0.0408,0.9168,0.9576,,,
199,愤怒→悲伤,我为什么不是男生，男生就不用每个月痛苦那么几天,愤怒,悲伤,悲伤,是,0.9591,0.0404,0.9187,0.9591,,,
200,愤怒→悲伤,今年的行程計劃了不少 不知道最終能去成几個 剛才想起去年定下今年暑假要去日照來着 又看見同學說暑假入藏求同去 我是想去來著 可是我的暑假好像都計劃完沒有空閒了。。。[晕],愤怒,悲伤,悲伤,是,0.9594,0.0395,0.9198,0.9594,,,
201,愤怒→悲伤,那种不适感竟然在我脑海里留到现在，随便一个相关的话题都能令我记起。,愤怒,悲伤,悲伤,是,0.9546,0.0341,0.9205,0.9546,,,
202,悲伤→愤怒,这是要闹哪样，还这么热，晚上要开空调睡觉了,悲伤,愤怒,愤怒,是,0.0389,0.9599,0.9209,0.9599,,,
203,愤怒→悲伤,我好饿。。。后悔没去晨跑然后去食堂吃早饭了,愤怒,悲伤,悲伤,是,0.962,0.0379,0.924,0.962,,,
204,愤怒→悲伤,看韩国的偶像歌舞表演感觉乱七八糟的一团，虽然手舞足蹈，但是歌和舞咋就那么分裂呢，还不如分成两个部分，要么听歌，要么看他（她）跳舞，最近几年发现台湾也变成这样了，这两年发现大陆也变成这样了！,愤怒,悲伤,悲伤,是,0.9619,0.0375,0.9244,0.9619,,,
205,愤怒→悲伤,下午去办新号，被客户经理放了鸽子，楼下等了十五分钟连个影子都没见，打电话不接也不回，气呼呼的回到办公室，因为完全无法理解。——一个小时后，客户经理打来电话，听完原因，还是一肚子火，但是想到人家也不是故意的，竟然也发不出来脾气，只能喝杯甜的安慰一下自己,愤怒,悲伤,悲伤,是,0.9616,0.0371,0.9245,0.9616,,,
206,愤怒→悲伤,很烦 很郁闷 虽然事情有所解决 但心里有了一个疙瘩 还是不舒服 可再想想也是 人哪有事事顺心的 没有挫折就不是人生,愤怒,悲伤,悲伤,是,0.962,0.0372,0.9249,0.962,,,
207,愤怒→悲伤,说真的，生气归生气，吃醋归吃醋，到时我从来没想过离开你,愤怒,悲伤,悲伤,是,0.9623,0.0369,0.9254,0.9623,,,
208,悲伤→愤怒,下雨的日子简直让人觉得生无可恋，学校还控电吹风机都用不了更别说冬天的电热水袋,悲伤,愤怒,愤怒,是,0.0365,0.963,0.9266,0.963,,,
209,愤怒→悲伤,贫困生活方式博主:短信也不发！ 粒粒灯:天天只看电视的中老年人怎么办，没有办法。 小椅子Zoe:所以这么想想，老年人不肯戴口罩，并不完全是老顽固啊、思想固化的问题，而是跟年轻人信息获取渠道不同。年轻人之所以更重视疫情，因为能从网上获得更多资讯。老年人主要还是看电视、报纸，所以相信,愤怒,悲伤,悲伤,是,0.9608,0.0338,0.927,0.9608,,,
210,愤怒→悲伤,尼玛我也伤不起啊！,愤怒,悲伤,悲伤,是,0.9632,0.0362,0.927,0.9632,,,
211,愤怒→悲伤,出门晚十分钟，路况都不同，🚘堵呀不是一般的堵，幸好🐠儿在离上课三分钟的时候到学校了，真悬。这老天是咋的了雨下个不停，就不给喘息的机会晴两天暖暖的阳光好想念噢,愤怒,悲伤,悲伤,是,0.9617,0.0347,0.9271,0.9617,,,
212,愤怒→悲伤,突然决定明天的同学聚会还是别去了[拜拜],愤怒,悲伤,悲伤,是,0.9517,0.0235,0.9282,0.9517,,,
213,悲伤→愤怒,太逗霸了！右后车门居然没关😱这种事情我到底要搞几次？年纪大了真是退化。什么停车不熄火不拔钥匙就走了，不熄灯就走了，居然门都不关就走了。也是醉了…,悲伤,愤怒,愤怒,是,0.0241,0.9535,0.9294,0.9535,,,
214,愤怒→悲伤,早上就没来得及吃饭现在饿得要死，然后又看到这些肉,愤怒,悲伤,悲伤,是,0.9651,0.0343,0.9309,0.9651,,,
215,悲伤→愤怒,“刚开始，那位品酒师说自己的技艺是祖传的，不肯教，我去了几次都没用。,悲伤,愤怒,愤怒,是,0.0264,0.9575,0.9311,0.9575,,,
216,愤怒→悲伤,身心疲惫的迎来了今年的国庆节第一天，怎么说呢，以前虽然也会装病肚子疼头疼的一天天净事，但现在至少吧不会刻意假装自己柔弱，有人帮的时候自然是好，自个的时候一样拎大箱子多少个害怕的时候做噩梦的时候自己也咬咬牙硬挺过来了，谁他妈的不是小公主怎么的可是我真没有公主病，以后我也不惯谁毛病。,愤怒,悲伤,悲伤,是,0.96,0.0287,0.9313,0.96,,,
217,愤怒→悲伤,到底谁能告诉我为什么我这么辛苦地上班居然还胖了好几斤,愤怒,悲伤,悲伤,是,0.9657,0.0341,0.9316,0.9657,,,
218,悲伤→愤怒,打个麻将，怎么把把都是我输，把把点炮，是有多善解人意呀，几个意思嗫、、苍天呀，起马胡一把呀，要不我麻坛小霸王颜面何在、、、、、、,悲伤,愤怒,愤怒,是,0.0318,0.9643,0.9325,0.9643,,,
219,愤怒→悲伤,习题又不确定啊……,愤怒,悲伤,悲伤,是,0.966,0.0331,0.9329,0.966,,,
220,悲伤→愤怒,买东西剁手，拿快递剁腿，整个人都不好了,悲伤,愤怒,愤怒,是,0.0327,0.9667,0.934,0.9667,,,
221,悲伤→愤怒,这几天肠胃闹得跟有个孩子在里面似得,悲伤,愤怒,愤怒,是,0.0322,0.9674,0.9352,0.9674,,,
222,愤怒→悲伤,小学出政策减负三年级作业不超一小时，一直也没超一小时啊就知道有家长会说没作业怎么知道孩子掌握情况，就一家长支持还是因在外学的特长多所以孩子负担很大部分还是在于家长的现在娃娃都好可怜啊,愤怒,悲伤,悲伤,是,0.9679,0.0317,0.9362,0.9679,,,
223,愤怒→悲伤,不都说失恋是减肥最有效的方法么？为嘛我越来越觉得自己又长胖了一圈呢？,愤怒,悲伤,悲伤,是,0.9685,0.0313,0.9372,0.9685,,,
224,愤怒→悲伤,然后再最后一次找回家去的时候，主人残忍的把眼睛剜瞎，于是就那样再也回不去了~~~,愤怒,悲伤,悲伤,是,0.9685,0.0308,0.9377,0.9685,,,
225,愤怒→悲伤,紧盯着电脑写了半天东西，搞得眼睛干得像要炸……好难受,愤怒,悲伤,悲伤,是,0.9689,0.0309,0.9379,0.9689,,,
226,愤怒→悲伤,简直冷到骨子里好嘛！然而学校老师连暖宝宝汤婆子不准我们带，全靠抖腿或者把手压屁股下面度过的，终于等到放学，结果家里更冷,愤怒,悲伤,悲伤,是,0.9696,0.0302,0.9394,0.9696,,,
227,愤怒→悲伤,拜托快点出现不想再一个人这样下去了🙏,愤怒,悲伤,悲伤,是,0.9688,0.0285,0.9403,0.9688,,,
228,愤怒→悲伤,吃了一瓣橘子，被呛到差点把整个胃都吐出来了,愤怒,悲伤,悲伤,是,0.9702,0.0289,0.9413,0.9702,,,
229,愤怒→悲伤,感觉也是受啦好大的委屈😞本来不是自己的事情，却操碎啦心,愤怒,悲伤,悲伤,是,0.9718,0.0281,0.9437,0.9718,,,
230,愤怒→悲伤,自带晕车属性的我每次长途跋涉回来就要睡一觉补补元气，伤不起,愤怒,悲伤,悲伤,是,0.972,0.0277,0.9442,0.972,,,
231,愤怒→悲伤,MD，竟然没分在一起，考虑要不要弃考陪你一起,愤怒,悲伤,悲伤,是,0.9703,0.0255,0.9448,0.9703,,,
232,悲伤→愤怒,新浪市值大幅缩水，唉，李师太一记暗招就让他口吐鲜血。,悲伤,愤怒,愤怒,是,0.0264,0.9721,0.9457,0.9721,,,
233,愤怒→悲伤,老天爷。,愤怒,悲伤,悲伤,是,0.9575,0.0108,0.9467,0.9575,,,
234,愤怒→悲伤,麻蛋赶紧挣钱，连个6s都力不从心的买不起,愤怒,悲伤,悲伤,是,0.9737,0.0254,0.9483,0.9737,,,
235,愤怒→悲伤,看着朋友圈里大家都在做自己喜欢的事情，都在坚持的努力着，就我还在原地踏步。。。我到底要踏步到什么时候,愤怒,悲伤,悲伤,是,0.9743,0.0255,0.9488,0.9743,,,
236,愤怒→悲伤,没洗脸没刷牙没吃早餐没纠结好穿什么衣服就匆匆出门了本宝宝不开心了,愤怒,悲伤,悲伤,是,0.9744,0.0251,0.9494,0.9744,,,
237,愤怒→悲伤,又一天过去了，今天任务没完成困死宝宝了晚安,愤怒,悲伤,悲伤,是,0.9742,0.0239,0.9503,0.9742,,,
238,愤怒→悲伤,没魄力的人是无法成就大事……只知道观望的人更难成就。,愤怒,悲伤,悲伤,是,0.9604,0.0099,0.9505,0.9604,,,
239,愤怒→悲伤,现在不行动，更待何时？,愤怒,悲伤,悲伤,是,0.9749,0.0239,0.951,0.9749,,,
240,悲伤→愤怒,如今的微博太没意思了，段子手们大概都转行了。,悲伤,愤怒,愤怒,是,0.0174,0.9686,0.9512,0.9686,,,
241,悲伤→愤怒,来无数次都没用哎真的有点jian,悲伤,愤怒,愤怒,是,0.0222,0.9739,0.9517,0.9739,,,
242,愤怒→悲伤,心寒...,愤怒,悲伤,悲伤,是,0.9759,0.0236,0.9523,0.9759,,,
243,愤怒→悲伤,大早上我也是醉了进了一趟局子的感觉,愤怒,悲伤,悲伤,是,0.9761,0.0236,0.9525,0.9761,,,
244,愤怒→悲伤,减肥第三十九天。昨天聚会吃的有点多，肠胃不消化，胃好疼啊，我以后再也不参加聚会了，耳根子太软。胃疼直接导致没有锻炼。哎，沏三九胃泰去吧！今天体重93.9kg！！,愤怒,悲伤,悲伤,是,0.9759,0.0234,0.9526,0.9759,,,
245,悲伤→愤怒,发了朋友圈就后悔了还特么说5000呢,悲伤,愤怒,愤怒,是,0.0235,0.9762,0.9528,0.9762,,,
246,愤怒→悲伤,最近各种不在状态，书看不进去，我可是要考试的人啊啊啊,愤怒,悲伤,悲伤,是,0.9767,0.0231,0.9536,0.9767,,,
247,愤怒→悲伤,祝他们早日分手快乐……,愤怒,悲伤,悲伤,是,0.9703,0.0165,0.9538,0.9703,,,
248,愤怒→悲伤,烦恼事情日日多，为何上天不眷顾我地,愤怒,悲伤,悲伤,是,0.977,0.0228,0.9542,0.977,,,
249,愤怒→悲伤,难受、一个人身上味道好重的挨着我睡！,愤怒,悲伤,悲伤,是,0.9773,0.0224,0.9549,0.9773,,,
250,愤怒→悲伤,太没出息了，昨晚四十个仰卧起坐，今天肚子有点疼,愤怒,悲伤,悲伤,是,0.9774,0.0225,0.955,0.9774,,,
251,愤怒→悲伤,今天有几个人加了我，一听说要会费就不见踪影了，其实我想说不想付出就想有回报哪有那么好的事呢！再说我微博上不也写了要会费的嘛，而且是可以退的，到底有没有看嘛，宝宝心碎了～,愤怒,悲伤,悲伤,是,0.9778,0.0216,0.9562,0.9778,,,
252,愤怒→悲伤,最近简直拖延症爆发，知道有很多作业但还是不想做，结果就是越堆越多，赶作业的时候痛苦的要死，等撑到master毕业，我想我再也不会有去上学的念头了,愤怒,悲伤,悲伤,是,0.9783,0.0216,0.9566,0.9783,,,
253,愤怒→悲伤,今天去药店排了好久的队也没买到口罩，消毒液一人限买一瓶，这么多人都意识到了要防犯于未然，可怎么也说不动我老爸于是我想到了一个好办法给父母看朋友圈，告诉他们不带口罩不是中国人??不转发十个群，不带口罩十二生肖来年没有好运气戴口罩一到十二月出生的人来年家人平安，生意兴隆相信我看到这些字眼，他们一定会戴口罩#全国已确诊473例新型肺炎病例##怎么劝说父母戴口罩#,愤怒,悲伤,悲伤,是,0.9752,0.0148,0.9604,0.9752,,,
254,悲伤→愤怒,现在真心的不爱刷朋友圈，全是广告还不好意思删,悲伤,愤怒,愤怒,是,0.0195,0.9804,0.9609,0.9804,,,
255,愤怒→悲伤,中国的大学生是非常优秀的，但我却越来越多地感受到他们的内心困惑。,愤怒,悲伤,悲伤,是,0.9805,0.0191,0.9615,0.9805,,,
256,愤怒→悲伤,肿么还是高清的[咆哮] [泪],愤怒,悲伤,悲伤,是,0.9807,0.019,0.9617,0.9807,,,
257,愤怒→悲伤,到底为什么啊！ 朴实太太:真的，为什么。举国之力怎么会变成这样啊。 长谷川细作:刚刚那个声嘶力竭哭喊护士的视频没了，我真的看完就鼻酸流泪，整件事真的离谱得可怕，各种物资补给为什么到现在都不能到位？？？在武汉诶！！！作为全国交通枢纽汇通南北的武汉啊啊啊啊！,愤怒,悲伤,悲伤,是,0.9812,0.0186,0.9627,0.9812,,,
258,愤怒→悲伤,西北狗在阴雨中发出一声哀叹，求一个可以晒被子的晴天,愤怒,悲伤,悲伤,是,0.9805,0.0177,0.9628,0.9805,,,
259,愤怒→悲伤,调整哈心态，该干嘛干嘛可是我真的不开心,愤怒,悲伤,悲伤,是,0.9819,0.0177,0.9642,0.9819,,,
260,愤怒→悲伤,我们正处于并将长期处于失望的阶段。,愤怒,悲伤,悲伤,是,0.9822,0.0176,0.9645,0.9822,,,
261,悲伤→愤怒,人到中年真的是家事，国事，天下事，什么事都得操心一点不夸张,悲伤,愤怒,愤怒,是,0.0171,0.982,0.9649,0.982,,,
262,愤怒→悲伤,体质太差，每次感个小冒都得折磨的死去活来，再不运动可不行了～,愤怒,悲伤,悲伤,是,0.9824,0.0175,0.9649,0.9824,,,
263,悲伤→愤怒,[鄙视]那么多参赛者最了[蜘蛛侠][挖鼻]崩,悲伤,愤怒,愤怒,是,0.0167,0.9822,0.9655,0.9822,,,
264,悲伤→愤怒,我已经不知道该怎么做了除了哭就是闹，真可笑。难怪别人讨厌你。,悲伤,愤怒,愤怒,是,0.0166,0.9827,0.9661,0.9827,,,
265,愤怒→悲伤,好想这次回家把头发剪短烫个longbob染闷青但又好怕被嫌弃是个大写的非主流,愤怒,悲伤,悲伤,是,0.983,0.0168,0.9662,0.983,,,
266,愤怒→悲伤,我可以爱你也可以不爱你我可以纵容你也可以离开你#自己看着办#,愤怒,悲伤,悲伤,是,0.9706,0.0045,0.9662,0.9706,,,
267,愤怒→悲伤,真的挺不舒服的…比我想象的要难受得多,愤怒,悲伤,悲伤,是,0.9839,0.016,0.9679,0.9839,,,
268,愤怒→悲伤,早知今日何必当初？,愤怒,悲伤,悲伤,是,0.971,0.003,0.968,0.971,,,
269,愤怒→悲伤,看今天和小北的自拍，我终于正视了我已经胖了，并且丑成狗的发型，昨天拍摄coach又赶八百秀的活动，今天就喉咙痛，发低烧，全身酸痛，还是拍完了致青春的发布会，明天飞北京，拜托不要这么冷好吗,愤怒,悲伤,悲伤,是,0.9826,0.0143,0.9683,0.9826,,,
270,愤怒→悲伤,昨晚洗头发前用了山茶花籽油，结果没洗干净，导致今天头发一缕一缕的,愤怒,悲伤,悲伤,是,0.9846,0.0152,0.9695,0.9846,,,
271,悲伤→愤怒,手贱，太手贱了，没事干就上了一下去哪儿，发现之前订的票降了快150块钱,悲伤,愤怒,愤怒,是,0.0149,0.9848,0.9699,0.9848,,,
272,愤怒→悲伤,想说很多很多，却什么都说不出来。这两天快过去吧,愤怒,悲伤,悲伤,是,0.9855,0.0136,0.9719,0.9855,,,
273,悲伤→愤怒,每次一有人说我烦的时候我真的会觉得很hurt,悲伤,愤怒,愤怒,是,0.0132,0.9858,0.9726,0.9858,,,
274,悲伤→愤怒,走了几里地，还是木得吃，连SUBWAY都是关门的，惨念！,悲伤,愤怒,愤怒,是,0.0134,0.9863,0.9729,0.9863,,,
275,愤怒→悲伤,抱个大桶的可乐回家，悲催的发现电梯坏了！,愤怒,悲伤,悲伤,是,0.9866,0.0132,0.9734,0.9866,,,
276,悲伤→愤怒,最近负能量有点多得我想骂街烦烦烦毕业综合症真的烦烦烦,悲伤,愤怒,愤怒,是,0.0132,0.9866,0.9734,0.9866,,,
277,悲伤→愤怒,firenstone_221C:最右的家属也是疯了[泪]大家都不容易，这个时候撒泼简直丧尽天良 江南警哥:真是惊天憨批！心疼一线医务人员 -不考首医不换网名-:人间失格[伤心],悲伤,愤怒,愤怒,是,0.0132,0.9866,0.9734,0.9866,,,
278,愤怒→悲伤,硕士时候辛辛苦苦那一整年，究竟换来一些什么。,愤怒,悲伤,悲伤,是,0.9848,0.0101,0.9746,0.9848,,,
279,愤怒→悲伤,一听培训就犯困，困到不能自已，刚刚睡着一秒好像被看见了，主讲人就匆匆说休息了。。。。。所以我知道自己不能继续读书啊,愤怒,悲伤,悲伤,是,0.9872,0.0125,0.9747,0.9872,,,
280,悲伤→愤怒,就是玩个游戏，好不容易上了个1000多，我哥就刷了2000多，哥哥啊，不能这么坑妹妹啊！,悲伤,愤怒,愤怒,是,0.0123,0.9871,0.9748,0.9871,,,
281,愤怒→悲伤,最近真的不是水逆吗丢各种东西坏手机还感冒了,愤怒,悲伤,悲伤,是,0.9877,0.0123,0.9754,0.9877,,,
282,愤怒→悲伤,唉。。。。。,愤怒,悲伤,悲伤,是,0.9876,0.012,0.9756,0.9876,,,
283,愤怒→悲伤,人在做，天在看，总会被老天收走的一天…,愤怒,悲伤,悲伤,是,0.9873,0.0105,0.9768,0.9873,,,
284,愤怒→悲伤,我想吃宵夜，可是什么都吃不了😞只能想想而已Lui,愤怒,悲伤,悲伤,是,0.9883,0.0115,0.9768,0.9883,,,
285,愤怒→悲伤,天啊 就不该回来,愤怒,悲伤,悲伤,是,0.9884,0.011,0.9774,0.9884,,,
286,愤怒→悲伤,想来一份热热的金鼎轩榴莲酥安抚我内心的难过十一月有人在感动有人在幸福有人在烦躁而我只想吃一个榴莲酥,愤怒,悲伤,悲伤,是,0.9812,0.0033,0.9779,0.9812,,,
287,愤怒→悲伤,记吃不记打 生活不易猪猪自闭_:秦人不暇自哀，而后人哀之；后人哀之而不鉴之，亦使后人而复哀后人也。 偶然路过的毛虫:人类从历史中学到的唯一教训就是，人类无法从历史中学到任何教训，总是重复同样的悲剧,愤怒,悲伤,悲伤,是,0.988,0.01,0.978,0.988,,,
288,愤怒→悲伤,钓飞鱼的飞行员: 萨尔茨堡的魚: 拇姬:一种可能与食用野生动物有关的病，先把做环境和野保教育的人带走了[蜡烛],愤怒,悲伤,悲伤,是,0.9889,0.0108,0.9781,0.9889,,,
289,愤怒→悲伤,我该怎么才能相信你？一而再再而三？,愤怒,悲伤,悲伤,是,0.9889,0.0106,0.9783,0.9889,,,
290,愤怒→悲伤,雨什么时候才能停啊，我想去跑步,愤怒,悲伤,悲伤,是,0.9897,0.0101,0.9796,0.9897,,,
291,愤怒→悲伤,总是很难对稳定的自己给一个交待。,愤怒,悲伤,悲伤,是,0.9895,0.0098,0.9797,0.9895,,,
292,愤怒→悲伤,期待溫柔又用心傾聽的人，但這本就是傳說，滿是怨氣的睡了吧，百廢待興，只能繼續努力。,愤怒,悲伤,悲伤,是,0.9892,0.0088,0.9803,0.9892,,,
293,愤怒→悲伤,少了两部心爱的翻身作品，像失去了左膀右臂的钢铁战士，血淋淋的失落！,愤怒,悲伤,悲伤,是,0.9896,0.0089,0.9807,0.9896,,,
294,愤怒→悲伤,仔仔又惹妞妞伤心了π_π，仔仔就是个大笨蛋,愤怒,悲伤,悲伤,是,0.9878,0.0067,0.9811,0.9878,,,
295,愤怒→悲伤,下午去办护照，希望他们把本老板拍的帅气一点，关键的是要替我妈买热水器和洗衣机。。。花我的钱。。简直心疼。。。好几千啊。。又这么没了,愤怒,悲伤,悲伤,是,0.9914,0.0081,0.9832,0.9914,,,
296,悲伤→愤怒,这TM那是冬天，明明就是三伏天么，太热了,悲伤,愤怒,愤怒,是,0.0082,0.9917,0.9835,0.9917,,,
297,愤怒→悲伤,就像图中这位，还有认识的吗？,愤怒,悲伤,悲伤,是,0.9883,0.0047,0.9836,0.9883,,,
298,愤怒→悲伤,虽然很舍不得，但还是要放弃你。都怪自己数学差,愤怒,悲伤,悲伤,是,0.9921,0.0076,0.9846,0.9921,,,
299,愤怒→悲伤,遗民泪尽胡尘里，南望王师又一年。,愤怒,悲伤,悲伤,是,0.9914,0.0044,0.987,0.9914,,,
300,悲伤→愤怒,明明人在线，明明想说话，还要学隐身；,悲伤,愤怒,愤怒,是,0.006,0.9935,0.9875,0.9935,,,
301,愤怒→悲伤,双十一买的东西要到明年才来见我吗,愤怒,悲伤,悲伤,是,0.9936,0.0059,0.9876,0.9936,,,
302,悲伤→愤怒,很烦躁啊，很烦躁。图文不符，头疼,悲伤,愤怒,愤怒,是,0.0057,0.9942,0.9885,0.9942,,,
303,悲伤→愤怒,七十年过去了，有几个中国人知道在影视作品中恶贯满盈的张灵甫是抗战英雄。,悲伤,愤怒,愤怒,是,0.0043,0.9928,0.9885,0.9928,,,
304,愤怒→悲伤,他穷困潦倒，她不离不弃。她问他“你们男人都说女人如衣服！你会不会有就抛弃我。”他坚定地说不会……原来她家其实很有钱。在她的帮助下他事业有成，外遇却也不期而至：她质问“你当初的诺言呢。”他只是淡淡地说“那时我知道你有钱：而我也没有别的衣服，”,愤怒,悲伤,悲伤,是,0.9934,0.0045,0.9889,0.9934,,,
305,愤怒→悲伤,在现场大家都漠视地走了，甚至连他帮助的那位大姐也默默地走了，他受伤后，还是自己拨打了110。,愤怒,悲伤,悲伤,是,0.9943,0.0052,0.9891,0.9943,,,
306,悲伤→愤怒,声卡：我插上主板不动不说还得整天叫。。。,悲伤,愤怒,愤怒,是,0.0052,0.9946,0.9893,0.9946,,,
307,愤怒→悲伤,我今天很认真的和我同事说希望以后夸我不要说我可爱希望你说我漂亮气质优雅美丽好吗她白了一眼说对不起等你的婴儿肥退去再说吧我……,愤怒,悲伤,悲伤,是,0.9944,0.0041,0.9903,0.9944,,,
308,愤怒→悲伤,有些事说也没法说说出来显得我多不懂事小气跟这都无关紧要关键就是自己当时很期待的东西却被拿走就觉得可难过,愤怒,悲伤,悲伤,是,0.995,0.0045,0.9905,0.995,,,
309,悲伤→愤怒,白天晚上都难熬，好在已经挨过了最难熬的第一个昼夜！是不是再坚持坚持就会习惯妈蛋，世界上最操蛋的事情就是不能吃饭！饿肚子还得继续折腾！,悲伤,愤怒,愤怒,是,0.0044,0.9952,0.9908,0.9952,,,
310,悲伤→愤怒,我疯了，科三挂了，挂在不是问题的问题上,悲伤,愤怒,愤怒,是,0.0041,0.9954,0.9912,0.9954,,,
311,悲伤→愤怒,悔 得 肠 子 都 青 了！！！！！！！！！！！！！！！！！！！！！！！！！！！！！！！！！！！！！！！！！！！！！！！！！！！！！！！！！！！！！！！！！！！！！！！！！！！！！！！！！！！！！！！！！！！！,悲伤,愤怒,愤怒,是,0.004,0.9954,0.9914,0.9954,,,
312,愤怒→悲伤,为什么我永远是在感觉自己的不对自己的不好。是我真的融入不到这样的境况当中。当你遇到志不同而相谋的朋友时真的好痛苦。可是别无选择🕙🕙🕙🍺🍺🍺🍺🍺,愤怒,悲伤,悲伤,是,0.996,0.0039,0.9921,0.996,,,
313,悲伤→愤怒,你在上厕所，隔壁有个男的，什么感觉，无语了,悲伤,愤怒,愤怒,是,0.0025,0.9955,0.9929,0.9955,,,
314,愤怒→悲伤,情商太低，智商不高，在人堆里混日子真心难过,愤怒,悲伤,悲伤,是,0.9963,0.0034,0.993,0.9963,,,
315,愤怒→悲伤,上次算命先生说，我在冬天会见到另一伴，，，，，，，，，结果今年冬天一直没有来。#下雪了#,愤怒,悲伤,悲伤,是,0.9957,0.002,0.9937,0.9957,,,
316,悲伤→愤怒,明天要5.40起，鬼相信我能起来，就四个多点睡眠时间了，妈蛋,悲伤,愤怒,愤怒,是,0.0024,0.9968,0.9944,0.9968,,,
317,悲伤→愤怒,唔力鸡巴Yan说了的别去健身房了里面长的顺眼的公的都是弯的,悲伤,愤怒,愤怒,是,0.0022,0.9969,0.9946,0.9969,,,
318,悲伤→愤怒,不靠谱的人始终不靠谱！不喜欢的人始终厌倦！充足的忙碌把每天的烦心事都给掩盖了！一天过一天！什么时候能去掉烦心事！,悲伤,愤怒,愤怒,是,0.0025,0.9973,0.9948,0.9973,,,
319,悲伤→愤怒,今天为了如何打酱油、打多少、打哪个级别的，展开深刻讨论。这算什么，不就是打酱油的嘛，比我去飞行累多了，感觉心脏快停掉了。,悲伤,愤怒,愤怒,是,0.0024,0.9972,0.9948,0.9972,,,
320,愤怒→悲伤,看到这样的新闻，真的难受。在疫情泛滥成灾的时候，有的人向电梯吐口水，有的人摘掉医生的口罩吐口水，有的人千里送毒。不敢想象如果有更严重的疫情，社会又会变成什么样。美国大片里发生灾难时总会有打砸抢烧搞破坏的坏人，我还觉得没新意。可是现实远比电影更可怕。人性太丑陋了 ??,愤怒,悲伤,悲伤,是,0.9969,0.0019,0.9949,0.9969,,,
321,悲伤→愤怒,尼玛犯大错了，这是要被叼死卷铺盖的节奏了,悲伤,愤怒,愤怒,是,0.0023,0.9974,0.9951,0.9974,,,
322,愤怒→悲伤,漫长的等待等来的却不是自己想要的结果，很多时候承受的压力与最终获得的并不一定成正比，此时，感觉像被戏弄了，但却又不得不去接受。,愤怒,悲伤,悲伤,是,0.9974,0.0016,0.9958,0.9974,,,
323,悲伤→愤怒,不喜欢你不理我、不喜欢你生气、不喜欢你因为生气惩罚我,悲伤,愤怒,愤怒,是,0.0017,0.9978,0.9962,0.9978,,,
324,悲伤→愤怒,我妈一直接受不了我变胖的事实她就各种明示暗示和鄙视的让我减肥妈～你以为我不想减肥吗？,悲伤,愤怒,愤怒,是,0.0012,0.9975,0.9963,0.9975,,,
325,悲伤→愤怒,我要为我的玻璃心付出代价--明明能翻为什么要投！！！,悲伤,愤怒,愤怒,是,0.0013,0.998,0.9967,0.998,,,
326,悲伤→愤怒,上天！！你为什么要这样对我啊我好不容易把那难搞的对阵形式想完了结果宿舍网络出现问题到现在还没人来修那好我用手机流量给电脑下文件来整合结果他妈的macbook就是垃圾什么都不能弄word文档只能微软就借同学电脑咯89%的电用不到一小时你他妈给我没电了我还没保存文档啊,悲伤,愤怒,愤怒,是,0.0012,0.9987,0.9975,0.9987,,,
327,悲伤→愤怒,什么假期都貌似与我们这些低层无关。,悲伤,愤怒,愤怒,是,0.0011,0.9987,0.9976,0.9987,,,
328,悲伤→愤怒,没疯也不咬人，是人疯了,悲伤,愤怒,愤怒,是,0.0009,0.9986,0.9977,0.9986,,,
329,悲伤→愤怒,我在西安很少见人嚼槟榔，但是在湖南这边，只要是男人，百分之九十八嘴里都嚼着槟榔，房间里，电梯里，车上，浓浓的槟榔味儿，快要被熏晕了,悲伤,愤怒,愤怒,是,0.0009,0.9989,0.9979,0.9989,,,
330,悲伤→愤怒,作业，我恨你！麻痹美女成员把图片资料给我们看，我们都就想到哪个作业有错就改或补做！美女成员不应该给我们看醉了！,悲伤,愤怒,愤怒,是,0.0005,0.999,0.9985,0.999,,,
331,悲伤→愤怒,下水道堵了，喊去给她通，拿个衣架，他说不是喊你拿长铁丝树枝阿，随便都拿来了，跟你说了衣架不得行，我都知道，你不会打电话喊物业，保安都会来给修，前脚没说完，后脚找物业不花钱嘛！一边给她修一遍听她说老子跟你住一起才是怎么怎么样了，扯东扯西的，说话把人噎死。更年期的婆婆伤不起。,悲伤,愤怒,愤怒,是,0.0005,0.9993,0.9988,0.9993,,,
332,愤怒→悲伤,脑瓜子疼一天，分分钟要爆炸了。你说我似不似要感冒了。,愤怒,悲伤,焦虑,否,0.0259,0.0211,0.0048,0.9528,,,
333,愤怒→悲伤,又要去培训了!培训又是在休息日，没有休息日子了!,愤怒,悲伤,愤怒,否,0.4968,0.5021,0.0053,0.5021,,,
334,愤怒→悲伤,无机老师的脑回路：这个不重要学不要太累下面介绍两性物质酸度的计算方法以后给你们讲化工工艺化工仪表这是我们的精确式看这边不满足no到这边简化成这种你们可能不是很清楚选择一个合适的简化式子这些以后都被机器覆盖了现在家里都有小孩吧不学走路了直接学开车应用建立在基础之上,愤怒,愤怒,悲伤,否,0.4932,0.4867,0.0065,0.4932,,,
335,悲伤→愤怒,好想跑到厕所去吐啊啊啊啊胃不舒服,悲伤,愤怒,悲伤,否,0.5063,0.4932,0.0131,0.5063,,,
336,悲伤→愤怒,作为没有接触过暖气的孩子，如果暖气能比空调制热花的钱少，我是跪求通暖气的！！一想到去年冬天50元宿舍电费一周多点就没了。。。北方孩子能普及一下哪个比较白菜价吗,悲伤,愤怒,悲伤,否,0.5098,0.4894,0.0205,0.5098,,,
337,悲伤→愤怒,一回到寝室就开始做ppt!我真是要崩溃了！脑袋里的想法那么好，为什么就是做不出来呢！先是一个技术问题，搞了三四个小时解决后，又找不到合适的图！我真的心好累！痘痘都长一脸了明天我就是不吃不喝不睡也要把ppt做出来！再求有没有人有眼睛鼻子嘴巴耳朵头发特征明显的卡通图🙏,悲伤,愤怒,悲伤,否,0.4242,0.3998,0.0244,0.4242,,,
338,愤怒→悲伤,是真心想学油漆工?,愤怒,愤怒,悲伤,否,0.5011,0.4751,0.026,0.5011,,,
339,愤怒→悲伤,小破孩~,愤怒,悲伤,愤怒,否,0.4721,0.5011,0.0289,0.5011,,,
340,悲伤→愤怒,昨天我和岚岚被本班一女生批塞惨了。,悲伤,悲伤,愤怒,否,0.4809,0.5146,0.0337,0.5146,,,
341,悲伤→愤怒,萧宝宝的不语:武汉市长说 的“封城”指的是 发烧的病人不能出城 没发烧（潜伏期的）可以出城。重庆市长是湖北人 你怎么看 现在就等 王岐山副主席出来主持大局了 全国目前就河南能靠得住,悲伤,愤怒,悲伤,否,0.5066,0.4549,0.0517,0.5066,,,
342,悲伤→愤怒,半夜睡不着，早上起不来，黑色星期二又来了…,悲伤,悲伤,愤怒,否,0.4327,0.501,0.0683,0.501,,,
343,悲伤→愤怒,怎么就睡不着了呢是要数绵羊好还是数绵羊好呢,悲伤,愤怒,悲伤,否,0.5392,0.4596,0.0796,0.5392,,,
344,悲伤→愤怒,肚子好痛不应该几个晚上吃圣代的,悲伤,愤怒,悲伤,否,0.5409,0.4585,0.0824,0.5409,,,
345,悲伤→愤怒,各种睡，坐货车-睡，坐的士-睡，坐地铁-睡........这就是昨晚不好好睡觉的结果,悲伤,愤怒,悲伤,否,0.54,0.4574,0.0826,0.54,,,
346,悲伤→愤怒,看着这么美好的价格，却不接受转运公司那个州的地址，心情怎么能好,悲伤,愤怒,悲伤,否,0.5405,0.4571,0.0834,0.5405,,,
347,愤怒→悲伤,特地早睡结果失眠到这会儿！！！！！！,愤怒,悲伤,愤怒,否,0.4513,0.5409,0.0896,0.5409,,,
348,愤怒→悲伤,有木有啊！,愤怒,悲伤,愤怒,否,0.4009,0.5116,0.1107,0.5116,,,
349,愤怒→悲伤,爪机也快停电了更苦逼有木有有木有！！！,愤怒,悲伤,愤怒,否,0.4434,0.5549,0.1115,0.5549,,,
350,悲伤→愤怒,关于房价现在房价不是吓人，而是银行恐惧贷款，有资本的不会选择非别墅项目，没钱的根本买不起，换房也很难承受，经济环境差，今年企业工资都没有上调#中国房地产与经济#,悲伤,焦虑,愤怒,否,0.2647,0.3764,0.1118,0.3764,,,
351,愤怒→悲伤,恨恨恨！,愤怒,悲伤,愤怒,否,0.4326,0.5514,0.1187,0.5514,,,
352,悲伤→愤怒,目光呆泄、反应迟钝、四肢无力、就差发烧了，自己还美滋滋的说帅的不行！,悲伤,悲伤,愤怒,否,0.3484,0.4737,0.1253,0.4737,,,
353,愤怒→悲伤,心里总是一堆的怨气，还都表现在脸上。,愤怒,悲伤,愤怒,否,0.4355,0.5613,0.1259,0.5613,,,
354,悲伤→愤怒,我现在好想吐自己做都嫌弃的事情可想而知别人是什么感受😒明明都能感觉到却选择视而不见😒是懒惰吗？是习惯有人来收拾烂摊子了吧😒,悲伤,愤怒,悲伤,否,0.5636,0.435,0.1286,0.5636,,,
355,悲伤→愤怒,上学好辛苦上完上午还有一下午玛德晚上还有三节自习在学校哪里满满都是人每天都是作业永远做不完的试卷在宿舍宿管不是黑户就嚷的还天天乱扣分班主任知道了还找事还白愣的让人害怕教室里还都是虫子天天咬的都是疙瘩班里还有黑社会让人提心吊胆的……即使这样我的体重还再不断上涨[眼泪]大写的生无可恋[口罩],悲伤,愤怒,悲伤,否,0.3855,0.2563,0.1292,0.3855,,,
356,悲伤→愤怒,整理了一下，几个早期画的实在丑得恨不得销毁。。。[空],悲伤,愤怒,悲伤,否,0.5697,0.4203,0.1494,0.5697,,,
357,愤怒→悲伤,"十一月就离开学校了,是什麽概念阿?",愤怒,愤怒,悲伤,否,0.5756,0.4238,0.1518,0.5756,,,
358,愤怒→悲伤,是2012越来越近，还是信息更发达，人们更无事生非？,愤怒,开心,悲伤,否,0.4843,0.3282,0.1561,0.4843,,,
359,悲伤→愤怒,别再重演,悲伤,愤怒,悲伤,否,0.5762,0.42,0.1563,0.5762,,,
360,愤怒→悲伤,真希望12号凌晨你发的誓能应誓…,愤怒,开心,悲伤,否,0.4466,0.2887,0.1579,0.4466,,,
361,愤怒→悲伤,今天朋友又问找没找对象了没，作为一个金融从业人员，这个问题真心不需要问的,愤怒,愤怒,悲伤,否,0.5773,0.4044,0.1729,0.5773,,,
362,愤怒→悲伤,有没有被2到？！！。。。,愤怒,悲伤,愤怒,否,0.3975,0.5812,0.1838,0.5812,,,
363,悲伤→愤怒,被骗了，还说是一只很神奇的大象自己学会画画的,悲伤,悲伤,愤怒,否,0.3987,0.5879,0.1892,0.5879,,,
364,悲伤→愤怒,不知怎么醒了，睡下去不过也才三个小时，居然清醒得跟睡饱了一样，我能说不开森吗,悲伤,悲伤,愤怒,否,0.4002,0.5981,0.1979,0.5981,,,
365,愤怒→悲伤,磨了半天请了一天假，领导说我这成本太高了这个月的班都白上了，丢的手机被坑的钱还不算，哪里来的勇气请假,愤怒,愤怒,悲伤,否,0.6027,0.3967,0.206,0.6027,,,
366,悲伤→愤怒,据说数羊有助于睡眠，白天挺乐观，晚上怎么就睡不着了呢？什么时候可以变成鱼，那样就不会生气了～～～,悲伤,开心,愤怒,否,0.3387,0.5499,0.2112,0.5499,,,
367,悲伤→愤怒,还是不能接受男朋友忘记我生日而且不是第一次忘记了并在两个月前就计划好在我生日的时候去台湾玩耍的这个事实，但是他说台湾回来后会给我带礼物（老娘还不稀罕你的礼物！！！）真的是我太矫情了吗？,悲伤,愤怒,悲伤,否,0.6104,0.3847,0.2257,0.6104,,,
368,悲伤→愤怒,[抓狂] 纯爷你去哪里了？,悲伤,悲伤,愤怒,否,0.2837,0.5355,0.2517,0.5355,,,
369,愤怒→悲伤,我又想起我以前寄的快递把我的信寄没了好像是中通,愤怒,愤怒,悲伤,否,0.6274,0.3718,0.2556,0.6274,,,
370,悲伤→愤怒,流量不清还不如清了呢，分分钟跑那么多，真心不够用。,悲伤,愤怒,焦虑,否,0.0463,0.3034,0.257,0.6499,,,
371,愤怒→悲伤,舌头上长了一个泡，说话都会碍事，一个多星期没有任何好转，真想给割掉,愤怒,悲伤,愤怒,否,0.3599,0.6398,0.2798,0.6398,,,
372,悲伤→愤怒,明明知道丈夫有心里事，可是石峰却扛着不说，这让晓云矛盾不断加深，尽管石蓉常常出来劝解，但还是让妻子疑心连连。,悲伤,悲伤,愤怒,否,0.3542,0.6354,0.2812,0.6354,,,
373,愤怒→悲伤,想安静的睡个好觉，却总是被失眠困扰。,愤怒,悲伤,焦虑,否,0.0759,0.3664,0.2905,0.5563,,,
374,愤怒→悲伤,天翼网速越来越不给力了，在线看电影断断续续。,愤怒,悲伤,愤怒,否,0.3484,0.6479,0.2995,0.6479,,,
375,愤怒→悲伤,这个月不停的补课上课！今天不仅满课，中午一吃完饭又赶过来补课！更主要的是我今天一天上下爬了38层！！想象下我的心情！,愤怒,悲伤,愤怒,否,0.3475,0.6519,0.3044,0.6519,,,
376,愤怒→悲伤,现在晚上蚊子特多，昨天找出蚊香点燃，晚上睡觉把窗把门都关上了，结果睡到半夜被浓烟熏醒，结果一下，吓死了，赶紧拿水浇灭，打开门窗一屋子的浓烟，哎，点个蚊香都差点着火，真倒霉,愤怒,悲伤,愤怒,否,0.3207,0.6299,0.3092,0.6299,,,
377,愤怒→悲伤,现在要预多四个路口的行人通行时间，而文徳北这段路实在太短等不起。,愤怒,悲伤,愤怒,否,0.2439,0.5562,0.3124,0.5562,,,
378,愤怒→悲伤,天天都那么烦，烦恼何时才能远离我,愤怒,愤怒,悲伤,否,0.6641,0.3357,0.3285,0.6641,,,
379,悲伤→愤怒,长鲸吟 : 植物人史军 : 触目惊心！,悲伤,开心,愤怒,否,0.1925,0.5281,0.3356,0.5281,,,
380,悲伤→愤怒,在一个多月没有领到工资之后，我去找老板讨论，老板震惊的看着我说：“你怎么还在这上班”………,悲伤,愤怒,恐惧,否,0.0351,0.3837,0.3486,0.5717,,,
381,悲伤→愤怒,还是以前好。干什么。说什么都直接点。都不用去考虑太多。也觉得没什么面子可丢。如今我想表达自己都不会了。,悲伤,愤怒,悲伤,否,0.6781,0.3183,0.3597,0.6781,,,
382,愤怒→悲伤,Wan，齐刘海🙆！原谅拥有猪一样的队友……,愤怒,开心,悲伤,否,0.5321,0.1625,0.3697,0.5321,,,
383,愤怒→悲伤,我就不能背电脑包吗？我看着就不象It业的么，看看看，看什么看,愤怒,愤怒,悲伤,否,0.6899,0.3089,0.381,0.6899,,,
384,愤怒→悲伤,我为什么要临睡前查一眼物流状态…结果发现今天明明没接到过任何电话物流却显示送无人变成了疑难件…乃么睡不着了…两千多块的发票啊亲…这个月真是要被发票搞得神经衰弱了…只求这个月能顺利报销,愤怒,愤怒,悲伤,否,0.6845,0.2839,0.4006,0.6845,,,
385,悲伤→愤怒,#囧妈初一上线免费播出# 摊上事儿了。这下进退两难了。《囧妈》播出的话被院线抵制，未来要倒霉。不播出的话又要被观众骂。徐峥挺住。一个小时后，我要看囧妈 ? ??,悲伤,愤怒,悲伤,否,0.6856,0.2582,0.4274,0.6856,,,
386,愤怒→悲伤,回家的路上，发现周五晚上辛辛苦苦下了一晚上的歌，全部被SB给删了，很多都自己没听过几耳朵，人给的理由是：我以为你会备份到电脑里。,愤怒,悲伤,愤怒,否,0.2114,0.655,0.4437,0.655,,,
387,愤怒→悲伤,好饿，饿的睡不着，想起来，冰箱里只有咖啡和茶叶。什么吃的也没有，于是:就在刚刚，我抓了一把猫粮放进嘴里嚼了嚼，咽了。。。。。这会儿好想吐……,愤怒,愤怒,悲伤,否,0.7362,0.2633,0.4729,0.7362,,,
388,愤怒→悲伤,看到这种BT的要求，尼玛，真滴是欲哭无泪，好想去变个性！😭😭😭,愤怒,悲伤,愤怒,否,0.2514,0.7475,0.4961,0.7475,,,
389,愤怒→悲伤,一样的事每天都在发生在每个角落每个人身上从没有一本教科书去告诉人们感情里的一切事温柔或爆裂都是与生俱来付出的时候不想落空需要的时候也能清楚明白的说出来！,愤怒,开心,悲伤,否,0.5636,0.0602,0.5034,0.5636,,,
390,愤怒→悲伤,为什么老高最近老爱提我不愿意想起她所知道的过去，催姐结婚就好不要评价捎带我的过去，刚才又在客厅窃窃私语我和那个小男孩的事情今天这是第二次了我只是装睡而已,愤怒,愤怒,悲伤,否,0.7735,0.2253,0.5482,0.7735,,,
391,愤怒→悲伤,你们通通都消失在我眼前??????????！！！！！！！,愤怒,愤怒,悲伤,否,0.7748,0.2234,0.5515,0.7748,,,
392,愤怒→悲伤,天 侯虹斌:最近那个帖子下面，是大型的养蛊成活蛆的现场 羊水宝:政绩看数据。不收病人，不确诊，就不会被纳入统计数据。 羊水宝:领导要了我的病历看了看——但上面只有“发热”二字，也不会写“非典”，所以他似乎还对我的病情有些疑问。我几乎是悲愤地说:“我是典型的‘非典’病人!”他无言以对。,愤怒,愤怒,悲伤,否,0.8199,0.1798,0.6401,0.8199,,,
393,愤怒→悲伤,酒笙深巷:“其他医院不能确诊，有确诊权的医院，又不负责确诊，只负责收治”，试剂盒掌握在疾控中心手里，确诊过程复杂反锁耗时费力，物资紧缺，疑似病例不能确诊无法收治，“自我隔离”造成更多感染，新的感染者继续无法确诊无法收治，死循环什么时候能结束？,愤怒,愤怒,悲伤,否,0.8243,0.1754,0.6488,0.8243,,,
394,愤怒→悲伤,相机换了镜头后第一件事就是有模有样地调相机参数设置，深沉地研究十分钟后，发现自己都是乜都唔识，还是调回自动模式好了。,愤怒,开心,悲伤,否,0.8169,0.1255,0.6914,0.8169,,,
395,愤怒→悲伤,#武汉封城#这个时候就不要跟着别人的人转发了，保持自己的判断力很难么？前几天还转发说当年某一位前辈雷厉风行果断隔离，遏制传染。今天封城就变成了无通知，不合理，不考虑了。 ??,愤怒,愤怒,悲伤,否,0.8401,0.1483,0.6918,0.8401,,,
396,悲伤→愤怒,要知道我家是二楼啊,悲伤,悲伤,愤怒,否,0.1131,0.8199,0.7067,0.8199,,,
397,愤怒→悲伤,自己选择的C语言，哭着也要打完所有代码，然而现在却只做了三分之一，看看人家都可以做到三点，自己却不愿意，还牺牲了宝贵的早读感觉好对不起部门，最近有又是一大波事情，还有题库一直没有刷！生活就是这样富有戏剧性啊还是，加油啊，陈妍伶！不要辜负了之间经历过的所有磨难,愤怒,开心,悲伤,否,0.8856,0.0321,0.8535,0.8856,,,
