核验编号,混淆方向,文本,原标签,SCL预测,模型置信度,LLM判定_修正,LLM建议标签,LLM置信,LLM理由,同意LLM(是/否),人工核验结论,人工标签,baseline预测,LLM判定
331,悲伤→愤怒,下水道堵了，喊去给她通，拿个衣架，他说不是喊你拿长铁丝树枝阿，随便都拿来了，跟你说了衣架不得行，我都知道，你不会打电话喊物业，保安都会来给修，前脚没说完，后脚找物业不花钱嘛！一边给她修一遍听她说老子跟你住一起才是怎么怎么样了，扯东扯西的，说话把人噎死。更年期的婆婆伤不起。,悲伤,愤怒,0.9993,标签正确,悲伤,中,吐槽婆婆唠叨，内心无奈委屈,,,,愤怒,标签正确
330,悲伤→愤怒,作业，我恨你！麻痹美女成员把图片资料给我们看，我们都就想到哪个作业有错就改或补做！美女成员不应该给我们看醉了！,悲伤,愤怒,0.999,标签正确,悲伤,中,对作业的无奈吐槽，非攻击他人,,,,愤怒,标签正确
329,悲伤→愤怒,我在西安很少见人嚼槟榔，但是在湖南这边，只要是男人，百分之九十八嘴里都嚼着槟榔，房间里，电梯里，车上，浓浓的槟榔味儿，快要被熏晕了,悲伤,愤怒,0.9989,标签正确,悲伤,中,被槟榔味熏得难受，无奈吐槽,,,,愤怒,标签正确
326,悲伤→愤怒,上天！！你为什么要这样对我啊我好不容易把那难搞的对阵形式想完了结果宿舍网络出现问题到现在还没人来修那好我用手机流量给电脑下文件来整合结果他妈的macbook就是垃圾什么都不能弄word文档只能微软就借同学电脑咯89%的电用不到一小时你他妈给我没电了我还没保存文档啊,悲伤,愤怒,0.9987,标签正确,悲伤,中,崩溃吐槽网络电脑，内心受挫,,,,愤怒,标签正确
327,悲伤→愤怒,什么假期都貌似与我们这些低层无关。,悲伤,愤怒,0.9987,标签正确,悲伤,中,感叹低层无缘假期，失落无奈,,,,愤怒,标签正确
328,悲伤→愤怒,没疯也不咬人，是人疯了,悲伤,愤怒,0.9986,边界模糊,悲伤,低,文本太短，情绪指向不明,,,,愤怒,边界模糊
325,悲伤→愤怒,我要为我的玻璃心付出代价--明明能翻为什么要投！！！,悲伤,愤怒,0.998,标签正确,悲伤,中,为玻璃心付出代价，懊悔难过,,,,愤怒,标签正确
323,悲伤→愤怒,不喜欢你不理我、不喜欢你生气、不喜欢你因为生气惩罚我,悲伤,愤怒,0.9978,标签正确,悲伤,中,表达不喜欢被冷落惩罚，委屈,,,,愤怒,标签正确
324,悲伤→愤怒,我妈一直接受不了我变胖的事实她就各种明示暗示和鄙视的让我减肥妈～你以为我不想减肥吗？,悲伤,愤怒,0.9975,标签正确,悲伤,中,被妈妈鄙视减肥，委屈无奈,,,,愤怒,标签正确
321,悲伤→愤怒,尼玛犯大错了，这是要被叼死卷铺盖的节奏了,悲伤,愤怒,0.9974,标签正确,悲伤,中,犯大错怕被骂，焦虑沮丧,,,,愤怒,标签正确
318,悲伤→愤怒,不靠谱的人始终不靠谱！不喜欢的人始终厌倦！充足的忙碌把每天的烦心事都给掩盖了！一天过一天！什么时候能去掉烦心事！,悲伤,愤怒,0.9973,标签正确,悲伤,中,吐槽烦心事，侧重内心受挫难受,,,,愤怒,标签正确
319,悲伤→愤怒,今天为了如何打酱油、打多少、打哪个级别的，展开深刻讨论。这算什么，不就是打酱油的嘛，比我去飞行累多了，感觉心脏快停掉了。,悲伤,愤怒,0.9972,标签正确,悲伤,中,无奈吐槽，心脏快停掉，偏沮丧,,,,愤怒,标签正确
317,悲伤→愤怒,唔力鸡巴Yan说了的别去健身房了里面长的顺眼的公的都是弯的,悲伤,愤怒,0.9969,边界模糊,悲伤,低,文本语义混乱，情绪信息不足,,,,愤怒,边界模糊
316,悲伤→愤怒,明天要5.40起，鬼相信我能起来，就四个多点睡眠时间了，妈蛋,悲伤,愤怒,0.9968,标签正确,悲伤,中,睡眠不足吐槽，妈蛋偏无奈沮丧,,,,愤怒,标签正确
313,悲伤→愤怒,你在上厕所，隔壁有个男的，什么感觉，无语了,悲伤,愤怒,0.9955,边界模糊,悲伤,低,仅陈述无语场景，情绪弱,,,,愤怒,边界模糊
310,悲伤→愤怒,我疯了，科三挂了，挂在不是问题的问题上,悲伤,愤怒,0.9954,标签正确,悲伤,中,科三挂了，我疯了，偏受挫难受,,,,愤怒,标签正确
311,悲伤→愤怒,悔 得 肠 子 都 青 了！！！！！！！！！！！！！！！！！！！！！！！！！！！！！！！！！！！！！！！！！！！！！！！！！！！！！！！！！！！！！！！！！！！！！！！！！！！！！！！！！！！！！！！！！！！！,悲伤,愤怒,0.9954,标签正确,悲伤,高,悔恨肠子青，主导为懊悔悲伤,,,,愤怒,标签正确
309,悲伤→愤怒,白天晚上都难熬，好在已经挨过了最难熬的第一个昼夜！是不是再坚持坚持就会习惯妈蛋，世界上最操蛋的事情就是不能吃饭！饿肚子还得继续折腾！,悲伤,愤怒,0.9952,标签正确,悲伤,中,难熬饿肚子折腾，偏无奈悲伤,,,,愤怒,标签正确
306,悲伤→愤怒,声卡：我插上主板不动不说还得整天叫。。。,悲伤,愤怒,0.9946,边界模糊,悲伤,低,拟人吐槽声卡，情绪信息不足,,,,愤怒,边界模糊
302,悲伤→愤怒,很烦躁啊，很烦躁。图文不符，头疼,悲伤,愤怒,0.9942,标签正确,悲伤,中,烦躁头疼，侧重内心难受,,,,愤怒,标签正确
300,悲伤→愤怒,明明人在线，明明想说话，还要学隐身；,悲伤,愤怒,0.9935,标签正确,悲伤,中,想说话却隐身，孤独无奈,,,,愤怒,标签正确
303,悲伤→愤怒,七十年过去了，有几个中国人知道在影视作品中恶贯满盈的张灵甫是抗战英雄。,悲伤,愤怒,0.9928,标签正确,悲伤,中,哀叹历史被遗忘，无奈,,,,愤怒,标签正确
296,悲伤→愤怒,这TM那是冬天，明明就是三伏天么，太热了,悲伤,愤怒,0.9917,标签错误,愤怒,中,吐槽天气太热，带指责语气,,,,愤怒,标签错误
280,悲伤→愤怒,就是玩个游戏，好不容易上了个1000多，我哥就刷了2000多，哥哥啊，不能这么坑妹妹啊！,悲伤,愤怒,0.9871,标签正确,悲伤,中,被哥哥坑，委屈无奈,,,,愤怒,标签正确
276,悲伤→愤怒,最近负能量有点多得我想骂街烦烦烦毕业综合症真的烦烦烦,悲伤,愤怒,0.9866,边界模糊,悲伤,低,想骂街又烦，悲怒难分,,,,愤怒,边界模糊
277,悲伤→愤怒,firenstone_221C:最右的家属也是疯了[泪]大家都不容易，这个时候撒泼简直丧尽天良 江南警哥:真是惊天憨批！心疼一线医务人员 -不考首医不换网名-:人间失格[伤心],悲伤,愤怒,0.9866,标签错误,愤怒,高,指责撒泼者丧尽天良,,,,愤怒,标签错误
274,悲伤→愤怒,走了几里地，还是木得吃，连SUBWAY都是关门的，惨念！,悲伤,愤怒,0.9863,标签正确,悲伤,高,没吃的店关门，失落哀叹,,,,愤怒,标签正确
273,悲伤→愤怒,每次一有人说我烦的时候我真的会觉得很hurt,悲伤,愤怒,0.9858,标签正确,悲伤,高,被说烦感到受伤难过,,,,愤怒,标签正确
271,悲伤→愤怒,手贱，太手贱了，没事干就上了一下去哪儿，发现之前订的票降了快150块钱,悲伤,愤怒,0.9848,标签正确,悲伤,中,手贱致损失，懊恼难受,,,,愤怒,标签正确
264,悲伤→愤怒,我已经不知道该怎么做了除了哭就是闹，真可笑。难怪别人讨厌你。,悲伤,愤怒,0.9827,标签正确,悲伤,高,哭闹自嘲，委屈绝望,,,,愤怒,标签正确
263,悲伤→愤怒,[鄙视]那么多参赛者最了[蜘蛛侠][挖鼻]崩,悲伤,愤怒,0.9822,边界模糊,悲伤,低,文本过短，情绪信息不足,,,,愤怒,边界模糊
261,悲伤→愤怒,人到中年真的是家事，国事，天下事，什么事都得操心一点不夸张,悲伤,愤怒,0.982,标签正确,悲伤,中,感叹操心无奈，偏悲伤,,,,愤怒,标签正确
254,悲伤→愤怒,现在真心的不爱刷朋友圈，全是广告还不好意思删,悲伤,愤怒,0.9804,标签正确,悲伤,中,不爱刷朋友圈，无奈失落,,,,愤怒,标签正确
245,悲伤→愤怒,发了朋友圈就后悔了还特么说5000呢,悲伤,愤怒,0.9762,标签正确,悲伤,中,发完后悔，懊恼沮丧,,,,愤怒,标签正确
241,悲伤→愤怒,来无数次都没用哎真的有点jian,悲伤,愤怒,0.9739,标签正确,悲伤,中,哎，自嘲无奈，偏悲伤,,,,愤怒,标签正确
232,悲伤→愤怒,新浪市值大幅缩水，唉，李师太一记暗招就让他口吐鲜血。,悲伤,愤怒,0.9721,标签正确,悲伤,中,唉叹市值缩水，哀叹,,,,愤怒,标签正确
240,悲伤→愤怒,如今的微博太没意思了，段子手们大概都转行了。,悲伤,愤怒,0.9686,标签正确,悲伤,中,微博没意思，失落无奈,,,,愤怒,标签正确
221,悲伤→愤怒,这几天肠胃闹得跟有个孩子在里面似得,悲伤,愤怒,0.9674,标签正确,悲伤,中,肠胃不适，难受吐槽,,,,愤怒,标签正确
220,悲伤→愤怒,买东西剁手，拿快递剁腿，整个人都不好了,悲伤,愤怒,0.9667,标签正确,悲伤,中,剁手后不好，懊恼难受,,,,愤怒,标签正确
218,悲伤→愤怒,打个麻将，怎么把把都是我输，把把点炮，是有多善解人意呀，几个意思嗫、、苍天呀，起马胡一把呀，要不我麻坛小霸王颜面何在、、、、、、,悲伤,愤怒,0.9643,标签正确,悲伤,中,打麻将总输，无奈哀叹,,,,愤怒,标签正确
208,悲伤→愤怒,下雨的日子简直让人觉得生无可恋，学校还控电吹风机都用不了更别说冬天的电热水袋,悲伤,愤怒,0.963,标签正确,悲伤,高,生无可恋，无奈沮丧,,,,愤怒,标签正确
202,悲伤→愤怒,这是要闹哪样，还这么热，晚上要开空调睡觉了,悲伤,愤怒,0.9599,边界模糊,悲伤,低,吐槽天气热，情绪弱,,,,愤怒,边界模糊
215,悲伤→愤怒,“刚开始，那位品酒师说自己的技艺是祖传的，不肯教，我去了几次都没用。,悲伤,愤怒,0.9575,边界模糊,悲伤,低,叙述事实，无情绪信息,,,,愤怒,边界模糊
197,悲伤→愤怒,不喜欢学校，因为这里太多竞争啦！一点都不太平,悲伤,愤怒,0.9571,标签正确,悲伤,中,不喜欢学校，失落不满,,,,愤怒,标签正确
194,悲伤→愤怒,刚刚听到上水声，给气了？真不容易啊！今冬的暖气就没暖过，总在18度左右，说冷吧，人家给的气达标了，让你无语。但在屋里这衣服穿得层层叠叠的，也愣是把我冻感冒了，没的怪，只能怪自己的身体不争气。,悲伤,愤怒,0.9567,标签正确,悲伤,高,无奈自嘲，受挫难受,,,,愤怒,标签正确
195,悲伤→愤怒,我老板好像又要结婚了。有的人结婚离婚再结婚离婚像玩一样。有的人却还是条单身狗，踢个球都能闪到腰,悲伤,愤怒,0.9559,标签正确,悲伤,中,单身狗自嘲，失落,,,,愤怒,标签正确
192,悲伤→愤怒,这周二次罚款。。。一次白，一次红。。,悲伤,愤怒,0.9557,边界模糊,悲伤,低,文本太短，情绪不明,,,,愤怒,边界模糊
190,悲伤→愤怒,今年怎么那么怪，都11月过半了气温还那么高，热死了热死了,悲伤,愤怒,0.9544,边界模糊,悲伤,低,吐槽天气热，情绪弱,,,,愤怒,边界模糊
213,悲伤→愤怒,太逗霸了！右后车门居然没关😱这种事情我到底要搞几次？年纪大了真是退化。什么停车不熄火不拔钥匙就走了，不熄灯就走了，居然门都不关就走了。也是醉了…,悲伤,愤怒,0.9535,标签正确,悲伤,中,自嘲退化，无奈沮丧,,,,愤怒,标签正确
184,悲伤→愤怒,中午不睡，下午奔溃，特别是，下午还要体测啊啊啊啊啊啊,悲伤,愤怒,0.9499,标签正确,悲伤,中,崩溃无奈，体测压力,,,,愤怒,标签正确
181,悲伤→愤怒,白天跟我过不去也就算了 现在还玩我 玩个游戏都不行 玩一次掉一次线 玩一次掉一次线 我招谁惹谁了 。。。,悲伤,愤怒,0.9445,标签正确,悲伤,中,反复掉线无奈吐槽，主导为受挫难受,,,,愤怒,标签正确
178,悲伤→愤怒,讨厌下雨天偏偏没完没了还要下一个礼拜,悲伤,愤怒,0.9424,标签正确,悲伤,中,讨厌下雨没完没了，无奈哀叹,,,,愤怒,标签正确
185,悲伤→愤怒,这次肺炎就像是野生动物给我们人类的报复，来的那样没有理由和匆忙。 ?保护环境，爱护动物。事不宜迟。 ??,悲伤,愤怒,0.9349,边界模糊,悲伤,低,疫情反思呼吁，情绪信息弱,,,,愤怒,边界模糊
172,悲伤→愤怒,最近也没暴饮暴食，可是一称体重沉了好几斤，偷偷涨上来的肉能不能麻烦你再偷偷的回去啊,悲伤,愤怒,0.9335,标签正确,悲伤,中,体重上涨无奈自嘲，失落,,,,愤怒,标签正确
173,悲伤→愤怒,海岸城的家乐福太过份了，元旦时买300送60优惠卷（10天后可用），今天去消费优惠券，发现已经是买200送100了。,悲伤,愤怒,0.9243,标签错误,愤怒,高,指责家乐福过份，强烈不满,,,,愤怒,标签错误
163,悲伤→愤怒,和黄姑娘一起忙着吃喝玩乐睡没时间想这些，现在各种闹心各种委屈腰各种疼啊！,悲伤,愤怒,0.9223,标签正确,悲伤,中,闹心委屈腰疼，委屈难受,,,,愤怒,标签正确
162,悲伤→愤怒,我一个人，有三头六臂？,悲伤,愤怒,0.9205,边界模糊,悲伤,低,文本太短，情绪信息不足,,,,愤怒,边界模糊
160,悲伤→愤怒,今天真悲早上去练舞，就因为太高从中间调到后面谁来就我,悲伤,愤怒,0.9199,标签正确,悲伤,中,被调位无奈求助，难过,,,,愤怒,标签正确
158,悲伤→愤怒,现在的我已经疯了再见删去朋友…,悲伤,愤怒,0.916,边界模糊,悲伤,低,已疯删友，悲伤愤怒难分,,,,愤怒,边界模糊
156,悲伤→愤怒,已经无处查找源头了？！,悲伤,愤怒,0.914,边界模糊,悲伤,低,文本太短，无法判定情绪,,,,愤怒,边界模糊
159,悲伤→愤怒,没有爹娘。,悲伤,愤怒,0.9137,边界模糊,悲伤,低,文本过短，无情绪信息,,,,愤怒,边界模糊
154,悲伤→愤怒,还没拷贝学生提交的作业就关机了，下节课还要继续讲，怎么和学生交代……教师机有写保护，想恢复也恢复不了,悲伤,愤怒,0.9124,标签正确,悲伤,高,无奈沮丧，无法交代,,,,愤怒,标签正确
152,悲伤→愤怒,什么时候才能办事不这么毛毛躁躁的沉稳一点,悲伤,愤怒,0.9101,标签正确,悲伤,中,自责无奈，非指责他人,,,,愤怒,标签正确
141,悲伤→愤怒,今天来的飞机上就晕菜了，人生头一遭。,悲伤,愤怒,0.8967,标签正确,悲伤,中,晕机难受，无奈感叹,,,,愤怒,标签正确
142,悲伤→愤怒,好希望明天交班的时候说夜班安静，无特殊，不要再搞我了🙏🙏🙏,悲伤,愤怒,0.8935,标签正确,悲伤,中,祈祷无奈，怕被搞,,,,愤怒,标签正确
134,悲伤→愤怒,…………都下了一场雪，蚊子居然还活着，咬了个大包,悲伤,愤怒,0.8888,标签正确,悲伤,中,吐槽倒霉，内心受挫,,,,愤怒,标签正确
130,悲伤→愤怒,眼镜被打坏了！！！,悲伤,愤怒,0.8816,标签正确,悲伤,中,眼镜坏，沮丧无奈,,,,愤怒,标签正确
122,悲伤→愤怒,什么？吃土？我们都是白水里面放几点土渣的。交完房租的我真的要去喝清土水了,悲伤,愤怒,0.8741,标签正确,悲伤,中,自嘲穷困，无奈心酸,,,,愤怒,标签正确
132,悲伤→愤怒,爷要吃的是肉，肉！！！！[抓狂],悲伤,愤怒,0.869,标签错误,愤怒,中,抓狂想吃肉，强烈不满,,,,愤怒,标签错误
119,悲伤→愤怒,腿使不上劲睡到迷迷糊糊无意识用错力硬翻了个身，连腰都扭亲埋😰🙈🙈🙈彻底醒晒！突然想起句煲冬瓜---“老胳膊老腿”😑醒到无聊到再试了几次翻身这个动作，研究了一下到底应该哪发力，然·并·X内心极度无语。长命功夫长命医的节奏。可怜的半月板你到底要闹哪样咧,悲伤,愤怒,0.8682,标签正确,悲伤,中,身体不适，无奈无语,,,,愤怒,标签正确
115,悲伤→愤怒,月考之后评讲卷子语文作文居然偏题了,悲伤,愤怒,0.8622,标签正确,悲伤,中,作文偏题，失落无奈,,,,愤怒,标签正确
118,悲伤→愤怒,老朋友不懂你的新情况新朋友不懂你的老脾气,悲伤,愤怒,0.8601,标签正确,悲伤,中,新旧朋友隔阂，孤独失落,,,,愤怒,标签正确
112,悲伤→愤怒,我们还能做什么？,悲伤,愤怒,0.8528,边界模糊,悲伤,低,太短，无奈或质问难定,,,,愤怒,边界模糊
99,悲伤→愤怒,心塞莫过于装好了数据库却连接不了自己的计算机连个做学霸的机会都不给我叫我怎么交作业,悲伤,愤怒,0.8277,标签正确,悲伤,高,心塞无奈，作业受阻,,,,愤怒,标签正确
97,悲伤→愤怒,骗过全世界骗不过的是自己想要得到什么云中雾,悲伤,愤怒,0.8134,标签正确,悲伤,中,自欺无奈，迷茫失落,,,,愤怒,标签正确
109,悲伤→愤怒,这下好了，从大饼脸吃成大盆脸了,悲伤,愤怒,0.8103,标签正确,悲伤,中,自嘲变胖，无奈失落,,,,愤怒,标签正确
95,悲伤→愤怒,今晚只能在厕所度过了？闹肚子闹肚子闹肚子大晚上的,悲伤,愤怒,0.808,标签正确,悲伤,中,闹肚子无奈，沮丧吐槽,,,,愤怒,标签正确
91,悲伤→愤怒,作为一个蠢货我成功地在新手机到来的第五天把插卡那边弯开了觉得自己要被自己蠢哭了呢天呐怎么搞回去啊好烦呀,悲伤,愤怒,0.7979,标签正确,悲伤,中,蠢哭自嘲，无奈烦躁,,,,愤怒,标签正确
89,悲伤→愤怒,请你们以后不要在打击我了，我已经成智障了,悲伤,愤怒,0.7944,标签正确,悲伤,中,被打击委屈，自嘲无奈,,,,愤怒,标签正确
84,悲伤→愤怒,感觉这次又没法过了马上就毕业了好不容易顺利升大四了可不能毁在这还是继续逼自己学吧,悲伤,愤怒,0.7756,标签正确,悲伤,中,怕挂科无奈，焦虑沮丧,,,,愤怒,标签正确
77,悲伤→愤怒,没工作一定不能熬夜，一定不能熬夜，一定不能熬夜！重要的事情说三遍，早上根本起不来啊！,悲伤,愤怒,0.7651,标签正确,悲伤,中,熬夜起不来的无奈沮丧,,,,愤怒,标签正确
69,悲伤→愤怒,为什么要摧毁我对这个世界的美好期望，两三天里感受到的满满恶意比我19年来感受到的还要多，我想回家,悲伤,愤怒,0.7547,标签正确,悲伤,高,被恶意伤害的难过失落,,,,愤怒,标签正确
71,悲伤→愤怒,才睡半小时就被折腾醒宿舍暖气太给力盖被子吧热的不行不盖吧蚊子老咬人咋办,悲伤,愤怒,0.7538,标签正确,悲伤,中,被吵醒的无奈烦躁,,,,愤怒,标签正确
70,悲伤→愤怒,就差个blingbling了。。。,悲伤,愤怒,0.7522,边界模糊,悲伤,低,文本太短无情绪信息,,,,愤怒,边界模糊
65,悲伤→愤怒,飙升到三十度是什么鬼！！！！我选择狗带。。。,悲伤,愤怒,0.7304,标签正确,悲伤,中,高温吐槽无奈想狗带,,,,愤怒,标签正确
64,悲伤→愤怒,啊，我想用早上起得来换晚上睡得着已经不能更黄脸婆了,悲伤,愤怒,0.7279,标签正确,悲伤,中,睡眠困扰的无奈哀叹,,,,愤怒,标签正确
62,悲伤→愤怒,最近这段时间依然被双十一的物流气到爆，效率真的不行。虽然很多人都收到了，但是还是有一小部分的地区出现了爆仓的情况，停留在当地几天不动也不派送。双十一后遗症，没办法避免，心累啊。,悲伤,愤怒,0.7232,标签正确,悲伤,中,物流问题导致心累,,,,愤怒,标签正确
60,悲伤→愤怒,我不喜欢今天、我要申请休息、然～并～卵～,悲伤,愤怒,0.7209,标签正确,悲伤,中,不喜欢今天无奈然并卵,,,,愤怒,标签正确
55,悲伤→愤怒,对着电脑一下午加一晚上我真的要狗带了,悲伤,愤怒,0.7137,标签正确,悲伤,中,长时间用电脑疲惫狗带,,,,愤怒,标签正确
56,悲伤→愤怒,隔壁的不是亲妈还在看电视我都这样了,悲伤,愤怒,0.7133,标签正确,悲伤,中,被吵到的无奈委屈,,,,愤怒,标签正确
322,愤怒→悲伤,漫长的等待等来的却不是自己想要的结果，很多时候承受的压力与最终获得的并不一定成正比，此时，感觉像被戏弄了，但却又不得不去接受。,愤怒,悲伤,0.9974,边界模糊,悲伤,中,被戏弄的无奈与被迫接受，悲愤难分,,,,悲伤,边界模糊
320,愤怒→悲伤,看到这样的新闻，真的难受。在疫情泛滥成灾的时候，有的人向电梯吐口水，有的人摘掉医生的口罩吐口水，有的人千里送毒。不敢想象如果有更严重的疫情，社会又会变成什么样。美国大片里发生灾难时总会有打砸抢烧搞破坏的坏人，我还觉得没新意。可是现实远比电影更可怕。人性太丑陋了 ??,愤怒,悲伤,0.9969,标签正确,愤怒,高,斥责人性丑陋，愤怒主导,,,,悲伤,标签正确
314,愤怒→悲伤,情商太低，智商不高，在人堆里混日子真心难过,愤怒,悲伤,0.9963,标签错误,悲伤,中,自嘲难过，内心失落为主,,,,悲伤,标签错误
312,愤怒→悲伤,为什么我永远是在感觉自己的不对自己的不好。是我真的融入不到这样的境况当中。当你遇到志不同而相谋的朋友时真的好痛苦。可是别无选择🕙🕙🕙🍺🍺🍺🍺🍺,愤怒,悲伤,0.996,标签错误,悲伤,中,痛苦无奈，悲伤主导,,,,悲伤,标签错误
315,愤怒→悲伤,上次算命先生说，我在冬天会见到另一伴，，，，，，，，，结果今年冬天一直没有来。#下雪了#,愤怒,悲伤,0.9957,边界模糊,悲伤,低,期待落空，情绪信息不足,,,,悲伤,边界模糊
308,愤怒→悲伤,有些事说也没法说说出来显得我多不懂事小气跟这都无关紧要关键就是自己当时很期待的东西却被拿走就觉得可难过,愤怒,悲伤,0.995,标签错误,悲伤,高,期待之物被拿走，难过,,,,悲伤,标签错误
307,愤怒→悲伤,我今天很认真的和我同事说希望以后夸我不要说我可爱希望你说我漂亮气质优雅美丽好吗她白了一眼说对不起等你的婴儿肥退去再说吧我……,愤怒,悲伤,0.9944,边界模糊,悲伤,中,被怼后无语，尴尬失落难分,,,,悲伤,边界模糊
305,愤怒→悲伤,在现场大家都漠视地走了，甚至连他帮助的那位大姐也默默地走了，他受伤后，还是自己拨打了110。,愤怒,悲伤,0.9943,标签错误,悲伤,中,漠视与寒心，悲伤无奈,,,,悲伤,标签错误
301,愤怒→悲伤,双十一买的东西要到明年才来见我吗,愤怒,悲伤,0.9936,标签错误,焦虑,中,等待快递的焦灼吐槽,,,,悲伤,标签错误
304,愤怒→悲伤,他穷困潦倒，她不离不弃。她问他“你们男人都说女人如衣服！你会不会有就抛弃我。”他坚定地说不会……原来她家其实很有钱。在她的帮助下他事业有成，外遇却也不期而至：她质问“你当初的诺言呢。”他只是淡淡地说“那时我知道你有钱：而我也没有别的衣服，”,愤怒,悲伤,0.9934,标签错误,悲伤,中,背叛故事，哀叹无奈,,,,悲伤,标签错误
298,愤怒→悲伤,虽然很舍不得，但还是要放弃你。都怪自己数学差,愤怒,悲伤,0.9921,标签错误,悲伤,高,舍不得放弃，自责数学差，主导悲伤,,,,悲伤,标签错误
295,愤怒→悲伤,下午去办护照，希望他们把本老板拍的帅气一点，关键的是要替我妈买热水器和洗衣机。。。花我的钱。。简直心疼。。。好几千啊。。又这么没了,愤怒,悲伤,0.9914,标签错误,悲伤,高,花钱心疼，失落无奈，非愤怒,,,,悲伤,标签错误
299,愤怒→悲伤,遗民泪尽胡尘里，南望王师又一年。,愤怒,悲伤,0.9914,标签错误,悲伤,高,遗民泪尽，哀叹悲凉，主导悲伤,,,,悲伤,标签错误
290,愤怒→悲伤,雨什么时候才能停啊，我想去跑步,愤怒,悲伤,0.9897,标签错误,焦虑,中,盼雨停想跑步，烦躁不安,,,,悲伤,标签错误
293,愤怒→悲伤,少了两部心爱的翻身作品，像失去了左膀右臂的钢铁战士，血淋淋的失落！,愤怒,悲伤,0.9896,标签错误,悲伤,高,血淋淋的失落，明确悲伤,,,,悲伤,标签错误
291,愤怒→悲伤,总是很难对稳定的自己给一个交待。,愤怒,悲伤,0.9895,边界模糊,悲伤,低,文本简短，情绪指向不明,,,,悲伤,边界模糊
292,愤怒→悲伤,期待溫柔又用心傾聽的人，但這本就是傳說，滿是怨氣的睡了吧，百廢待興，只能繼續努力。,愤怒,悲伤,0.9892,标签错误,悲伤,中,怨气失望，无奈哀叹，非愤怒,,,,悲伤,标签错误
288,愤怒→悲伤,钓飞鱼的飞行员: 萨尔茨堡的魚: 拇姬:一种可能与食用野生动物有关的病，先把做环境和野保教育的人带走了[蜡烛],愤怒,悲伤,0.9889,标签错误,悲伤,高,悼念逝者，蜡烛哀悼，悲伤,,,,悲伤,标签错误
289,愤怒→悲伤,我该怎么才能相信你？一而再再而三？,愤怒,悲伤,0.9889,标签错误,悲伤,中,反复失望，信任崩塌，偏悲伤,,,,悲伤,标签错误
285,愤怒→悲伤,天啊 就不该回来,愤怒,悲伤,0.9884,标签错误,悲伤,中,后悔回来，无奈沮丧，非愤怒,,,,悲伤,标签错误
284,愤怒→悲伤,我想吃宵夜，可是什么都吃不了😞只能想想而已Lui,愤怒,悲伤,0.9883,标签错误,悲伤,高,想吃却吃不到，失落无奈,,,,悲伤,标签错误
297,愤怒→悲伤,就像图中这位，还有认识的吗？,愤怒,悲伤,0.9883,边界模糊,悲伤,低,仅提问，无情绪信息,,,,悲伤,边界模糊
287,愤怒→悲伤,记吃不记打 生活不易猪猪自闭_:秦人不暇自哀，而后人哀之；后人哀之而不鉴之，亦使后人而复哀后人也。 偶然路过的毛虫:人类从历史中学到的唯一教训就是，人类无法从历史中学到任何教训，总是重复同样的悲剧,愤怒,悲伤,0.988,标签错误,悲伤,中,哀叹历史循环，无奈感慨,,,,悲伤,标签错误
294,愤怒→悲伤,仔仔又惹妞妞伤心了π_π，仔仔就是个大笨蛋,愤怒,悲伤,0.9878,标签错误,悲伤,中,惹人伤心，自责无奈,,,,悲伤,标签错误
281,愤怒→悲伤,最近真的不是水逆吗丢各种东西坏手机还感冒了,愤怒,悲伤,0.9877,标签错误,悲伤,中,倒霉吐槽，内心受挫难受,,,,悲伤,标签错误
282,愤怒→悲伤,唉。。。。。,愤怒,悲伤,0.9876,边界模糊,悲伤,低,仅叹气，情绪信息不足,,,,悲伤,边界模糊
283,愤怒→悲伤,人在做，天在看，总会被老天收走的一天…,愤怒,悲伤,0.9873,标签正确,愤怒,中,指责作恶者，强烈不满,,,,悲伤,标签正确
279,愤怒→悲伤,一听培训就犯困，困到不能自已，刚刚睡着一秒好像被看见了，主讲人就匆匆说休息了。。。。。所以我知道自己不能继续读书啊,愤怒,悲伤,0.9872,标签错误,悲伤,中,犯困无奈，自我否定,,,,悲伤,标签错误
275,愤怒→悲伤,抱个大桶的可乐回家，悲催的发现电梯坏了！,愤怒,悲伤,0.9866,标签错误,悲伤,中,电梯坏了，悲催失落,,,,悲伤,标签错误
272,愤怒→悲伤,想说很多很多，却什么都说不出来。这两天快过去吧,愤怒,悲伤,0.9855,标签错误,悲伤,中,欲言又止，难过煎熬,,,,悲伤,标签错误
278,愤怒→悲伤,硕士时候辛辛苦苦那一整年，究竟换来一些什么。,愤怒,悲伤,0.9848,标签错误,悲伤,中,辛苦一年无所得，无奈失落,,,,悲伤,标签错误
270,愤怒→悲伤,昨晚洗头发前用了山茶花籽油，结果没洗干净，导致今天头发一缕一缕的,愤怒,悲伤,0.9846,标签错误,悲伤,中,头发没洗好，郁闷受挫,,,,悲伤,标签错误
267,愤怒→悲伤,真的挺不舒服的…比我想象的要难受得多,愤怒,悲伤,0.9839,标签错误,悲伤,高,直接表达难受不舒服,,,,悲伤,标签错误
265,愤怒→悲伤,好想这次回家把头发剪短烫个longbob染闷青但又好怕被嫌弃是个大写的非主流,愤怒,悲伤,0.983,边界模糊,焦虑,低,想剪发又怕被嫌弃，纠结,,,,悲伤,边界模糊
269,愤怒→悲伤,看今天和小北的自拍，我终于正视了我已经胖了，并且丑成狗的发型，昨天拍摄coach又赶八百秀的活动，今天就喉咙痛，发低烧，全身酸痛，还是拍完了致青春的发布会，明天飞北京，拜托不要这么冷好吗,愤怒,悲伤,0.9826,标签错误,悲伤,中,生病疲惫，无奈吐槽,,,,悲伤,标签错误
262,愤怒→悲伤,体质太差，每次感个小冒都得折磨的死去活来，再不运动可不行了～,愤怒,悲伤,0.9824,标签错误,悲伤,中,感冒折磨，无奈感叹,,,,悲伤,标签错误
260,愤怒→悲伤,我们正处于并将长期处于失望的阶段。,愤怒,悲伤,0.9822,标签错误,悲伤,高,长期失望，失落无奈,,,,悲伤,标签错误
259,愤怒→悲伤,调整哈心态，该干嘛干嘛可是我真的不开心,愤怒,悲伤,0.9819,标签错误,悲伤,高,明确说不开心,,,,悲伤,标签错误
257,愤怒→悲伤,到底为什么啊！ 朴实太太:真的，为什么。举国之力怎么会变成这样啊。 长谷川细作:刚刚那个声嘶力竭哭喊护士的视频没了，我真的看完就鼻酸流泪，整件事真的离谱得可怕，各种物资补给为什么到现在都不能到位？？？在武汉诶！！！作为全国交通枢纽汇通南北的武汉啊啊啊啊！,愤怒,悲伤,0.9812,标签正确,愤怒,高,质问斥责，强烈不满,,,,悲伤,标签正确
286,愤怒→悲伤,想来一份热热的金鼎轩榴莲酥安抚我内心的难过十一月有人在感动有人在幸福有人在烦躁而我只想吃一个榴莲酥,愤怒,悲伤,0.9812,标签错误,悲伤,高,明确说难过，想吃安抚,,,,悲伤,标签错误
256,愤怒→悲伤,肿么还是高清的[咆哮] [泪],愤怒,悲伤,0.9807,边界模糊,愤怒,低,咆哮加泪，愤怒与悲伤难分主次,,,,悲伤,边界模糊
255,愤怒→悲伤,中国的大学生是非常优秀的，但我却越来越多地感受到他们的内心困惑。,愤怒,悲伤,0.9805,边界模糊,悲伤,低,陈述困惑，无明显情绪主导,,,,悲伤,边界模糊
258,愤怒→悲伤,西北狗在阴雨中发出一声哀叹，求一个可以晒被子的晴天,愤怒,悲伤,0.9805,边界模糊,悲伤,中,哀叹求晴天，无奈失落为主,,,,悲伤,标签正确
252,愤怒→悲伤,最近简直拖延症爆发，知道有很多作业但还是不想做，结果就是越堆越多，赶作业的时候痛苦的要死，等撑到master毕业，我想我再也不会有去上学的念头了,愤怒,悲伤,0.9783,边界模糊,悲伤,中,拖延痛苦，内心受挫难受,,,,悲伤,标签正确
251,愤怒→悲伤,今天有几个人加了我，一听说要会费就不见踪影了，其实我想说不想付出就想有回报哪有那么好的事呢！再说我微博上不也写了要会费的嘛，而且是可以退的，到底有没有看嘛，宝宝心碎了～,愤怒,悲伤,0.9778,边界模糊,悲伤,中,心碎失望，非攻击他人,,,,悲伤,标签正确
250,愤怒→悲伤,太没出息了，昨晚四十个仰卧起坐，今天肚子有点疼,愤怒,悲伤,0.9774,边界模糊,悲伤,低,自责肚子疼，情绪信息不足,,,,悲伤,边界模糊
249,愤怒→悲伤,难受、一个人身上味道好重的挨着我睡！,愤怒,悲伤,0.9773,标签正确,愤怒,中,难受抱怨他人味道重，不满,,,,悲伤,标签正确
248,愤怒→悲伤,烦恼事情日日多，为何上天不眷顾我地,愤怒,悲伤,0.977,边界模糊,悲伤,中,哀叹上天不眷顾，无奈失落,,,,悲伤,标签正确
246,愤怒→悲伤,最近各种不在状态，书看不进去，我可是要考试的人啊啊啊,愤怒,悲伤,0.9767,边界模糊,焦虑,中,考试前不在状态，紧张担忧,,,,悲伤,标签正确
243,愤怒→悲伤,大早上我也是醉了进了一趟局子的感觉,愤怒,悲伤,0.9761,边界模糊,悲伤,中,醉了吐槽倒霉，内心受挫,,,,悲伤,标签正确
242,愤怒→悲伤,心寒...,愤怒,悲伤,0.9759,边界模糊,悲伤,低,仅两字，情绪信息不足,,,,悲伤,边界模糊
244,愤怒→悲伤,减肥第三十九天。昨天聚会吃的有点多，肠胃不消化，胃好疼啊，我以后再也不参加聚会了，耳根子太软。胃疼直接导致没有锻炼。哎，沏三九胃泰去吧！今天体重93.9kg！！,愤怒,悲伤,0.9759,标签错误,悲伤,中,胃疼难受自责，主导悲伤,,,,悲伤,标签错误
253,愤怒→悲伤,今天去药店排了好久的队也没买到口罩，消毒液一人限买一瓶，这么多人都意识到了要防犯于未然，可怎么也说不动我老爸于是我想到了一个好办法给父母看朋友圈，告诉他们不带口罩不是中国人??不转发十个群，不带口罩十二生肖来年没有好运气戴口罩一到十二月出生的人来年家人平安，生意兴隆相信我看到这些字眼，他们一定会戴口罩#全国已确诊473例新型肺炎病例##怎么劝说父母戴口罩#,愤怒,悲伤,0.9752,标签错误,焦虑,中,担忧疫情劝父母，主导焦虑,,,,悲伤,标签错误
239,愤怒→悲伤,现在不行动，更待何时？,愤怒,悲伤,0.9749,边界模糊,焦虑,低,太短，无明确情绪信息,,,,悲伤,边界模糊
236,愤怒→悲伤,没洗脸没刷牙没吃早餐没纠结好穿什么衣服就匆匆出门了本宝宝不开心了,愤怒,悲伤,0.9744,标签错误,悲伤,中,不开心，主导悲伤,,,,悲伤,标签错误
235,愤怒→悲伤,看着朋友圈里大家都在做自己喜欢的事情，都在坚持的努力着，就我还在原地踏步。。。我到底要踏步到什么时候,愤怒,悲伤,0.9743,标签错误,悲伤,中,原地踏步失落，主导悲伤,,,,悲伤,标签错误
237,愤怒→悲伤,又一天过去了，今天任务没完成困死宝宝了晚安,愤怒,悲伤,0.9742,标签错误,悲伤,低,困倦无奈，非愤怒,,,,悲伤,标签错误
234,愤怒→悲伤,麻蛋赶紧挣钱，连个6s都力不从心的买不起,愤怒,悲伤,0.9737,边界模糊,愤怒,中,麻蛋骂买不起，主导愤怒,,,,悲伤,标签错误
230,愤怒→悲伤,自带晕车属性的我每次长途跋涉回来就要睡一觉补补元气，伤不起,愤怒,悲伤,0.972,标签错误,悲伤,中,晕车伤不起，主导悲伤,,,,悲伤,标签错误
229,愤怒→悲伤,感觉也是受啦好大的委屈😞本来不是自己的事情，却操碎啦心,愤怒,悲伤,0.9718,标签错误,悲伤,中,委屈操碎心，主导悲伤,,,,悲伤,标签错误
268,愤怒→悲伤,早知今日何必当初？,愤怒,悲伤,0.971,标签错误,悲伤,中,感叹后悔无奈，非愤怒,,,,悲伤,标签错误
266,愤怒→悲伤,我可以爱你也可以不爱你我可以纵容你也可以离开你#自己看着办#,愤怒,悲伤,0.9706,边界模糊,愤怒,中,威胁警告语气，含不满,,,,悲伤,标签错误
231,愤怒→悲伤,MD，竟然没分在一起，考虑要不要弃考陪你一起,愤怒,悲伤,0.9703,标签正确,愤怒,高,MD脏话表达强烈不满,,,,悲伤,标签正确
247,愤怒→悲伤,祝他们早日分手快乐……,愤怒,悲伤,0.9703,标签正确,愤怒,中,诅咒式祝愿含敌意,,,,悲伤,标签正确
228,愤怒→悲伤,吃了一瓣橘子，被呛到差点把整个胃都吐出来了,愤怒,悲伤,0.9702,边界模糊,悲伤,低,吐槽身体难受，无明确情绪,,,,悲伤,边界模糊
226,愤怒→悲伤,简直冷到骨子里好嘛！然而学校老师连暖宝宝汤婆子不准我们带，全靠抖腿或者把手压屁股下面度过的，终于等到放学，结果家里更冷,愤怒,悲伤,0.9696,标签正确,愤怒,中,抱怨学校规定，含指责,,,,悲伤,标签正确
225,愤怒→悲伤,紧盯着电脑写了半天东西，搞得眼睛干得像要炸……好难受,愤怒,悲伤,0.9689,标签错误,悲伤,中,身体难受，非愤怒,,,,悲伤,标签错误
227,愤怒→悲伤,拜托快点出现不想再一个人这样下去了🙏,愤怒,悲伤,0.9688,标签错误,焦虑,中,渴望陪伴，孤独焦虑,,,,悲伤,标签错误
223,愤怒→悲伤,不都说失恋是减肥最有效的方法么？为嘛我越来越觉得自己又长胖了一圈呢？,愤怒,悲伤,0.9685,标签错误,悲伤,中,自嘲失落，非愤怒,,,,悲伤,标签错误
224,愤怒→悲伤,然后再最后一次找回家去的时候，主人残忍的把眼睛剜瞎，于是就那样再也回不去了~~~,愤怒,悲伤,0.9685,标签错误,悲伤,高,叙述悲惨遭遇，哀伤,,,,悲伤,标签错误
222,愤怒→悲伤,小学出政策减负三年级作业不超一小时，一直也没超一小时啊就知道有家长会说没作业怎么知道孩子掌握情况，就一家长支持还是因在外学的特长多所以孩子负担很大部分还是在于家长的现在娃娃都好可怜啊,愤怒,悲伤,0.9679,标签错误,悲伤,中,吐槽家长与孩子可怜，主导无奈哀叹,,,,悲伤,标签错误
219,愤怒→悲伤,习题又不确定啊……,愤怒,悲伤,0.966,边界模糊,焦虑,低,文本过短，情绪信息不足,,,,悲伤,边界模糊
217,愤怒→悲伤,到底谁能告诉我为什么我这么辛苦地上班居然还胖了好几斤,愤怒,悲伤,0.9657,标签错误,悲伤,中,辛苦却长胖，无奈吐槽非愤怒,,,,悲伤,标签错误
214,愤怒→悲伤,早上就没来得及吃饭现在饿得要死，然后又看到这些肉,愤怒,悲伤,0.9651,标签错误,悲伤,中,饿得难受又见肉，沮丧无奈,,,,悲伤,标签错误
210,愤怒→悲伤,尼玛我也伤不起啊！,愤怒,悲伤,0.9632,标签错误,悲伤,中,伤不起表达内心难受，非愤怒,,,,悲伤,标签错误
207,愤怒→悲伤,说真的，生气归生气，吃醋归吃醋，到时我从来没想过离开你,愤怒,悲伤,0.9623,标签错误,悲伤,中,虽提生气，但主导是不舍留恋,,,,悲伤,标签错误
203,愤怒→悲伤,我好饿。。。后悔没去晨跑然后去食堂吃早饭了,愤怒,悲伤,0.962,标签错误,悲伤,中,饿且后悔，失落懊恼非愤怒,,,,悲伤,标签错误
206,愤怒→悲伤,很烦 很郁闷 虽然事情有所解决 但心里有了一个疙瘩 还是不舒服 可再想想也是 人哪有事事顺心的 没有挫折就不是人生,愤怒,悲伤,0.962,标签错误,悲伤,高,烦闷心结，主导内心难受,,,,悲伤,标签错误
204,愤怒→悲伤,看韩国的偶像歌舞表演感觉乱七八糟的一团，虽然手舞足蹈，但是歌和舞咋就那么分裂呢，还不如分成两个部分，要么听歌，要么看他（她）跳舞，最近几年发现台湾也变成这样了，这两年发现大陆也变成这样了！,愤怒,悲伤,0.9619,标签正确,愤怒,中,批评歌舞分裂，强烈不满指责,,,,悲伤,标签正确
211,愤怒→悲伤,出门晚十分钟，路况都不同，🚘堵呀不是一般的堵，幸好🐠儿在离上课三分钟的时候到学校了，真悬。这老天是咋的了雨下个不停，就不给喘息的机会晴两天暖暖的阳光好想念噢,愤怒,悲伤,0.9617,标签错误,焦虑,中,堵车赶时间紧张，非愤怒,,,,悲伤,标签错误
205,愤怒→悲伤,下午去办新号，被客户经理放了鸽子，楼下等了十五分钟连个影子都没见，打电话不接也不回，气呼呼的回到办公室，因为完全无法理解。——一个小时后，客户经理打来电话，听完原因，还是一肚子火，但是想到人家也不是故意的，竟然也发不出来脾气，只能喝杯甜的安慰一下自己,愤怒,悲伤,0.9616,标签正确,愤怒,中,被放鸽子后气呼呼、一肚子火，主导为愤怒,,,,悲伤,标签正确
209,愤怒→悲伤,贫困生活方式博主:短信也不发！ 粒粒灯:天天只看电视的中老年人怎么办，没有办法。 小椅子Zoe:所以这么想想，老年人不肯戴口罩，并不完全是老顽固啊、思想固化的问题，而是跟年轻人信息获取渠道不同。年轻人之所以更重视疫情，因为能从网上获得更多资讯。老年人主要还是看电视、报纸，所以相信,愤怒,悲伤,0.9608,边界模糊,焦虑,低,转述讨论老年人信息渠道，无明显情绪,,,,悲伤,边界模糊
238,愤怒→悲伤,没魄力的人是无法成就大事……只知道观望的人更难成就。,愤怒,悲伤,0.9604,标签错误,悲伤,中,感叹没魄力难成事，偏失落无奈,,,,悲伤,标签错误
216,愤怒→悲伤,身心疲惫的迎来了今年的国庆节第一天，怎么说呢，以前虽然也会装病肚子疼头疼的一天天净事，但现在至少吧不会刻意假装自己柔弱，有人帮的时候自然是好，自个的时候一样拎大箱子多少个害怕的时候做噩梦的时候自己也咬咬牙硬挺过来了，谁他妈的不是小公主怎么的可是我真没有公主病，以后我也不惯谁毛病。,愤怒,悲伤,0.96,标签错误,悲伤,中,身心疲惫、硬挺，主导为委屈悲伤,,,,悲伤,标签错误
200,愤怒→悲伤,今年的行程計劃了不少 不知道最終能去成几個 剛才想起去年定下今年暑假要去日照來着 又看見同學說暑假入藏求同去 我是想去來著 可是我的暑假好像都計劃完沒有空閒了。。。[晕],愤怒,悲伤,0.9594,标签错误,焦虑,中,行程冲突纠结，偏焦虑无奈,,,,悲伤,标签错误
199,愤怒→悲伤,我为什么不是男生，男生就不用每个月痛苦那么几天,愤怒,悲伤,0.9591,标签错误,悲伤,中,抱怨痛经，偏无奈哀叹,,,,悲伤,标签错误
198,愤怒→悲伤,看到这张图片，不禁想起文革时期章伯钧先生家中多年辛苦积累藏书一万余册，却皆被红卫兵造反派拿去烧火取暖。,愤怒,悲伤,0.9576,标签错误,悲伤,中,追忆藏书被毁，哀叹悲伤,,,,悲伤,标签错误
233,愤怒→悲伤,老天爷。,愤怒,悲伤,0.9575,边界模糊,悲伤,低,仅三字，无明确情绪信息,,,,悲伤,边界模糊
193,愤怒→悲伤,包到大半夜还是包不完的货，碎觉,愤怒,悲伤,0.9564,标签错误,悲伤,中,熬夜包货无奈吐槽，偏疲惫悲伤,,,,悲伤,标签错误
201,愤怒→悲伤,那种不适感竟然在我脑海里留到现在，随便一个相关的话题都能令我记起。,愤怒,悲伤,0.9546,标签错误,悲伤,中,不适感萦绕，偏难过失落,,,,悲伤,标签错误
189,愤怒→悲伤,再不睡我的眼睛明天要睁不开了，痛死了昨晚熬夜熬出来的晚安啦,愤怒,悲伤,0.9538,标签错误,悲伤,中,熬夜眼痛，无奈哀叹，非愤怒,,,,悲伤,标签错误
191,愤怒→悲伤,腿上的伤口好明显 T T 这又不是玩命啊 去他的节目啊咱本来就够优秀了不是吗？,愤怒,悲伤,0.9538,标签错误,悲伤,中,伤口明显，委屈无奈，非愤怒,,,,悲伤,标签错误
188,愤怒→悲伤,单位这里网络实在是太不给力了，蹭网也时断时续，太悲催了,愤怒,悲伤,0.9536,标签错误,悲伤,中,网络差，吐槽悲催，非愤怒,,,,悲伤,标签错误
187,愤怒→悲伤,总想着睡一觉就不疼了，我都睡了好几觉了，该疼的还是在疼,愤怒,悲伤,0.9533,标签错误,悲伤,中,疼痛持续，无奈沮丧，非愤怒,,,,悲伤,标签错误
196,愤怒→悲伤,那个汗啊！[汗],愤怒,悲伤,0.9518,边界模糊,悲伤,低,仅汗表情，无情绪信息,,,,悲伤,边界模糊
212,愤怒→悲伤,突然决定明天的同学聚会还是别去了[拜拜],愤怒,悲伤,0.9517,边界模糊,悲伤,低,决定不去聚会，情绪不明,,,,悲伤,边界模糊
183,愤怒→悲伤,可悲啊，裁判和门柱主宰了比赛：门柱像把门的铁将军，裁判像吃屎的判官,愤怒,悲伤,0.9498,标签正确,愤怒,高,指责裁判，强烈不满,,,,悲伤,标签正确
182,愤怒→悲伤,我都快没脸见人了，痘痘什么时候才能消了,愤怒,悲伤,0.947,标签错误,悲伤,中,痘痘困扰，无奈沮丧，非愤怒,,,,悲伤,标签错误
180,愤怒→悲伤,我可以说我饿了么[抓狂]、啊啊啊啊啊啊|||||饿死了！！！,愤怒,悲伤,0.9443,标签错误,焦虑,中,饿到抓狂，烦躁焦灼,,,,悲伤,标签错误
179,愤怒→悲伤,屁大点事就哭.,愤怒,悲伤,0.9425,标签正确,愤怒,中,指责屁大点事就哭,,,,悲伤,标签正确
177,愤怒→悲伤,考不完的试，学不完的习，天啊。。。,愤怒,悲伤,0.9415,标签错误,焦虑,中,感叹考试学习无尽，无奈焦虑,,,,悲伤,标签错误
176,愤怒→悲伤,淘宝看了半天，100多的个衣服都舍不得买，已经买了，又退了,愤怒,悲伤,0.9412,边界模糊,悲伤,低,纠结买退，情绪信息不足,,,,悲伤,边界模糊
174,愤怒→悲伤,习惯了素面朝天的自己，往脸上抹粉觉得好假还是不擦粉舒服啊！又白白浪费钱了！,愤怒,悲伤,0.9383,标签错误,悲伤,中,浪费钱懊悔，非愤怒,,,,悲伤,标签错误
175,愤怒→悲伤,想找一支娇滴滴水红色怎么那么难，不行我就回购chicca69了,愤怒,悲伤,0.9375,标签错误,焦虑,中,找色号难，烦躁无奈,,,,悲伤,标签错误
186,愤怒→悲伤,等到我所有耐性都消失的那天，那么谁都别想好过了，那些伤害过我的，我一定会让你加倍奉还，不要以为我一直的忍让就是软弱，我只是给你面子而已，别把我逼急了，好自为之,愤怒,悲伤,0.935,标签正确,愤怒,高,威胁报复，明显愤怒,,,,悲伤,标签正确
171,愤怒→悲伤,哎，跑了几天还是没得成，心好累啊卧操…,愤怒,悲伤,0.9311,标签错误,悲伤,高,心累无奈，悲伤沮丧,,,,悲伤,标签错误
170,愤怒→悲伤,现在网购越来越让人伤心了，东西质量各种保证后反倒假的多了，快递是越来越慢了，感觉回到了解放前，没有十天半个月，东西是不会到的。,愤怒,悲伤,0.93,标签正确,愤怒,中,指责网购质量快递，不满,,,,悲伤,标签正确
169,愤怒→悲伤,不可理解，太不可理解了。,愤怒,悲伤,0.9276,边界模糊,愤怒,低,太短，无法判定情绪,,,,悲伤,边界模糊
168,愤怒→悲伤,又到了不抱娃娃睡不着的时候了该睡觉了,愤怒,悲伤,0.9274,边界模糊,悲伤,低,陈述睡觉，无情绪信息,,,,悲伤,边界模糊
166,愤怒→悲伤,给家里买了2200的显示器-家里的主机太OUT了-折腾死人了-要命,愤怒,悲伤,0.9263,标签错误,焦虑,中,折腾要命，烦躁无奈,,,,悲伤,标签错误
165,愤怒→悲伤,贫穷，愚昧，自私，贪婪哎，说真的，前几十年的担惊受怕，穷苦挨饿都刻到骨子里去了转发微博,愤怒,悲伤,0.9261,标签错误,悲伤,中,哀叹穷苦刻骨，无奈悲伤为主,,,,悲伤,标签错误
167,愤怒→悲伤,每一次准备去健身都下雨心中一万个,愤怒,悲伤,0.9259,边界模糊,焦虑,低,文本不完整，情绪信息不足,,,,悲伤,边界模糊
164,愤怒→悲伤,七点就到了，九点一刻才能进去，卖个货也是这么难,愤怒,悲伤,0.9255,标签错误,悲伤,中,感叹卖货难，无奈沮丧为主,,,,悲伤,标签错误
161,愤怒→悲伤,哥真的不想跟你说话啊。。,愤怒,悲伤,0.9205,标签错误,悲伤,中,不想说话，无奈失落为主,,,,悲伤,标签错误
157,愤怒→悲伤,搬家时，老爸把这套书当垃圾给扔了的事实的确让我一直郁闷到现在,愤怒,悲伤,0.9158,标签错误,悲伤,高,郁闷至今，失落难过为主,,,,悲伤,标签错误
155,愤怒→悲伤,明明想到了一个段子突然又忘记了真是快疯了就是想不起来怎么办,愤怒,悲伤,0.9128,标签错误,焦虑,中,想不起来快疯了，焦躁不安,,,,悲伤,标签错误
153,愤怒→悲伤,果然不能相信诸如“今晚做好吃的你回家吃饭”这类的话！一打开家门发现一堆根本不想见的人围在客厅聊天😨还邀请我参加几天后的汗蒸爬梯兴致勃勃的打开锅盖发现所谓的“菜”就是冷掉了超难闻的鱼丸萝卜块汤想自己做点啥吧发现木有盐最后只吃了一个西红柿的我好想哭个痛快,愤怒,悲伤,0.911,标签错误,悲伤,中,好想哭个痛快，委屈难过为主,,,,悲伤,标签错误
151,愤怒→悲伤,我吃的那么少，每天带娃又一刻不得闲，为什么我还不瘦？,愤怒,悲伤,0.9108,标签错误,悲伤,中,抱怨不瘦，无奈委屈为主,,,,悲伤,标签错误
149,愤怒→悲伤,我不该吃实验室的橘子，肚子好疼，那感觉就像有只大大的虫子🐛🐛🐛🐛🐛跑进了肚子里,愤怒,悲伤,0.91,标签错误,悲伤,中,肚子疼难受，痛苦哀叹为主,,,,悲伤,标签错误
148,愤怒→悲伤,今天居然出太阳了，又说下雨！害我把多肉搬进来没法晒太阳了。,愤怒,悲伤,0.9052,标签错误,悲伤,中,抱怨天气，无奈郁闷为主,,,,悲伤,标签错误
147,愤怒→悲伤,"今晚换了台电脑,不会操作呀,已鼓捣2个小时了",愤怒,悲伤,0.9042,边界模糊,焦虑,低,鼓捣两小时，烦躁无奈难分主次,,,,悲伤,边界模糊
146,愤怒→悲伤,土地局迟迟不电话通知我领取已办好的土地证，后来找他们领导帮忙问问这事，办事员给出的解释是因为我的名字里有个字不认识，不会念，就一直没有打电话……,愤怒,悲伤,0.9027,边界模糊,愤怒,中,吐槽办事员荒唐，含指责不满,,,,悲伤,标签错误
144,愤怒→悲伤,疼痛让我度过了难熬的一夜，膏药也没能缓解胳膊给我带来的痛苦，我要疯了！只希望快点好，我还有事情要做呢！,愤怒,悲伤,0.9019,标签错误,悲伤,中,疼痛折磨崩溃，侧重痛苦难受,,,,悲伤,标签错误
143,愤怒→悲伤,算到一半，然后整张纸就成这样了,愤怒,悲伤,0.9004,边界模糊,悲伤,低,文本太短，仅陈述事实无情绪,,,,悲伤,边界模糊
140,愤怒→悲伤,这个月花的冤枉钱能买好几年的狗粮了我只想静静,愤怒,悲伤,0.8985,标签错误,悲伤,中,花冤枉钱心塞，只想静静,,,,悲伤,标签错误
138,愤怒→悲伤,哎，人类为啥就是不长记性,愤怒,悲伤,0.8968,标签错误,悲伤,中,哀叹人类不长记性，无奈,,,,悲伤,标签错误
137,愤怒→悲伤,自私的人总是暗暗地叹赏自己的聪明，还以为别人愚笨得很，让他占了便宜还不知道。殊不知，自私到头是愚笨。其实，活得累的，常常是那些自私得很的人，他无时不算计，无处不贪婪，他的一生，大概也只能为蝇头小利而奔忙了。,愤怒,悲伤,0.8914,边界模糊,愤怒,中,批判自私者，含指责贬斥,,,,悲伤,标签错误
136,愤怒→悲伤,应该俩夫妻一起枪毙🔫可怜的小女孩儿,愤怒,悲伤,0.8911,标签正确,愤怒,高,主张枪毙夫妻，强烈愤怒,,,,悲伤,标签正确
135,愤怒→悲伤,数学不好是硬伤啊！伤……顺便：该花的钱一定不要攒，没球用，都是给别人攒的,愤怒,悲伤,0.8891,标签错误,悲伤,中,自嘲数学差，吐槽攒钱无用,,,,悲伤,标签错误
133,愤怒→悲伤,可是我还是想不通可能运气都被狗吃了吧,愤怒,悲伤,0.8863,标签错误,悲伤,中,想不通运气差，失落无奈,,,,悲伤,标签错误
139,愤怒→悲伤,摄影师拍了一组照片，P掉了大家手中的手机，这就是没有手机的我们。,愤怒,悲伤,0.8826,边界模糊,悲伤,低,仅陈述现象，无明显情绪,,,,悲伤,边界模糊
150,愤怒→悲伤,猫丑还要多读书还有一直下雨我也就回个家下下下,愤怒,悲伤,0.8824,边界模糊,悲伤,低,吐槽琐事，情绪指向不明,,,,悲伤,边界模糊
131,愤怒→悲伤,孔子时代还有许多君王能与民间知识人对话，现在呢，孔子只能当门面，撑在那儿，北望故宫，君主安在？,愤怒,悲伤,0.8818,标签正确,愤怒,中,讽刺批判，含不满指责,,,,悲伤,标签正确
129,愤怒→悲伤,TMD一大早脚擦破，手臂擦破，泥煤的今天是我的倒霉日啊,愤怒,悲伤,0.881,标签正确,愤怒,中,TMD吐槽倒霉，含怨怒,,,,悲伤,标签正确
127,愤怒→悲伤,和小偷挤同一班早班车上班的结果就是手机丢了....,愤怒,悲伤,0.8807,边界模糊,悲伤,低,陈述丢手机，情绪不明,,,,悲伤,边界模糊
128,愤怒→悲伤,前兩天不在家請老爸幫我餵狗，他居然給了一個雞腿給豆豆吃，結果現在他對肉有了瘋狂的熱愛，狗糧都不怎麼吃,愤怒,悲伤,0.8805,边界模糊,悲伤,低,叙述趣事，无明显情绪,,,,悲伤,边界模糊
126,愤怒→悲伤,眼镜丢了小珠珠丢了头发毁了宝宝表示很！不！开！心！,愤怒,悲伤,0.8763,标签错误,悲伤,高,明确表示不开心，属悲伤,,,,悲伤,标签错误
124,愤怒→悲伤,心里有事，所以睡不好觉了，怎么破？,愤怒,悲伤,0.8753,标签错误,焦虑,中,睡不好求解，偏焦虑担忧,,,,悲伤,标签错误
121,愤怒→悲伤,一天到晚的换手机换来换去，头都大了，都不好用,愤怒,悲伤,0.8728,标签正确,愤怒,中,抱怨换手机，含烦躁不满,,,,悲伤,标签正确
120,愤怒→悲伤,莫名其妙的心情不好，下大雨，明天还要上班,愤怒,悲伤,0.8696,标签错误,悲伤,中,心情不好，偏悲伤低落,,,,悲伤,标签错误
123,愤怒→悲伤,设计院年会，感觉只是一顿无聊的晚餐。,愤怒,悲伤,0.869,边界模糊,悲伤,低,仅表达无聊，无明显情绪,,,,悲伤,边界模糊
117,愤怒→悲伤,我吃了一大碗米饭，两个砂锅，一份寿司，一瓶雪碧还有若干鸭货。。砂锅店的服务员拿来一个小碗给我舍友，说把米饭分分。。分你妹啊，我自己一大碗都不够吃。,愤怒,悲伤,0.8654,标签正确,愤怒,中,吐槽分饭，含指责语气,,,,悲伤,标签正确
116,愤怒→悲伤,每天早上挤电梯就跟打仗似的，要全神贯注，不然一不留神就被插队了好心累啊上个班,愤怒,悲伤,0.8634,标签正确,愤怒,中,抱怨插队，含不满指责,,,,悲伤,标签正确
145,愤怒→悲伤,点不小追了出去，花灵龙说自己没脸见人了，因为那可是自己的初吻呀。,愤怒,悲伤,0.8608,边界模糊,悲伤,低,叙述事件，无明确情绪,,,,悲伤,边界模糊
114,愤怒→悲伤,好瞧不上自己，因为别人没给我分吃的就堵心，求问如何使自己不这么容易堵,愤怒,悲伤,0.8604,标签错误,悲伤,中,自我嫌弃堵心，主导悲伤,,,,悲伤,标签错误
113,愤怒→悲伤,wait小可爱你以为我首页愿意看见班戟大妈？？？那我真是太委屈了,愤怒,悲伤,0.8575,标签正确,愤怒,中,反问吐槽，含不满攻击,,,,悲伤,标签正确
111,愤怒→悲伤,每天这样晒我就不信自己还能吃吃吃！！！！最近胖的很呀,愤怒,悲伤,0.8552,标签错误,悲伤,中,自嘲胖，无奈吐槽非愤怒,,,,悲伤,标签错误
110,愤怒→悲伤,那么大个医院检查完了说我右肩有问题，至于问题出在哪又说不出来，要是没问题我能去看？我傻啊！,愤怒,悲伤,0.8551,标签正确,愤怒,高,指责医院，强烈不满,,,,悲伤,标签正确
107,愤怒→悲伤,今生最后悔的是认识他，嫁给他！我给家人带来这么多烦恼我真得很心痛，就像父母清楚的认识到他的真面目如此的心痛与不甘！我要诅咒他下十八层地狱,愤怒,悲伤,0.8529,标签正确,愤怒,高,诅咒他，愤怒主导,,,,悲伤,标签正确
106,愤怒→悲伤,一大早心情就不美丽，不想工作啊,愤怒,悲伤,0.8527,标签错误,悲伤,中,心情不美丽，无奈非愤怒,,,,悲伤,标签错误
105,愤怒→悲伤,疱疹都长到了鼻子里，外表上看不见，美观了，可是这个疼啊，看还看不清，碰还碰不得。,愤怒,悲伤,0.8467,标签错误,悲伤,中,诉说病痛难受，无指责对象,,,,悲伤,标签错误
103,愤怒→悲伤,除了工资，身边的一切几乎都涨了，但是我们依然需要坚强的活下去，因为墓地现在也涨了。,愤怒,悲伤,0.8326,标签错误,悲伤,中,无奈自嘲，非愤怒指责,,,,悲伤,标签错误
102,愤怒→悲伤,以后坚决不来我哥家睡了，对，是坚决，根本睡不着，不同的生活习惯,愤怒,悲伤,0.8309,标签错误,悲伤,中,抱怨睡不着，无奈非愤怒,,,,悲伤,标签错误
108,愤怒→悲伤,1月18号校假12号院假哎呦哎呦好激动可是妈的转念一想打卡要打到十二月多室友都打完了就剩我在凌晨的风中凌乱,愤怒,悲伤,0.8301,标签错误,焦虑,中,激动转烦躁，焦虑打卡压力,,,,悲伤,标签错误
100,愤怒→悲伤,我就纳闷了，我们这个年代怎么这么倒霉啊？,愤怒,悲伤,0.8282,标签错误,悲伤,中,自叹倒霉，无奈非愤怒,,,,悲伤,标签错误
104,愤怒→悲伤,我是胖了多少啊........,愤怒,悲伤,0.828,边界模糊,悲伤,低,文本太短，情绪信息不足,,,,悲伤,边界模糊
125,愤怒→悲伤,这次地震只是上帝小小的惩罚。,愤怒,悲伤,0.8266,标签错误,悲伤,中,哀叹地震，非愤怒指责,,,,悲伤,标签错误
96,愤怒→悲伤,好大的雨啊，下得人都没有心情干活。,愤怒,悲伤,0.8141,标签错误,悲伤,中,下雨影响心情，无奈非愤怒,,,,悲伤,标签错误
93,愤怒→悲伤,有了暖气是好事，可是“兴奋”到这点睡不者，因为三处暖气管道就偏偏我这屋的管道水流声淅淅沥沥的不断，本就属于入睡困难户，再加上这样的节奏……不说了，数羊去……,愤怒,悲伤,0.8056,标签错误,焦虑,中,失眠烦躁，焦虑非愤怒,,,,悲伤,标签错误
94,愤怒→悲伤,说好的十一点前咪咪结果失眠了！！喵了个咪的,愤怒,悲伤,0.8013,标签错误,悲伤,中,失眠吐槽，无奈非愤怒,,,,悲伤,标签错误
92,愤怒→悲伤,2012年7月错误情况：词汇5语法10阅读6听力2【语法有两个错得很蠢……不该错的,愤怒,悲伤,0.7998,标签错误,悲伤,中,懊恼自责，非愤怒,,,,悲伤,标签错误
101,愤怒→悲伤,我能把你当宝，也能把你当草，我不会一直在这里的,愤怒,悲伤,0.7987,标签错误,悲伤,中,无奈失落，非愤怒,,,,悲伤,标签错误
90,愤怒→悲伤,昨天欠费几块，今天欠费几十，明天得欠费几百了,愤怒,悲伤,0.7967,边界模糊,焦虑,低,吐槽欠费，情绪不明,,,,悲伤,边界模糊
88,愤怒→悲伤,可不可以减一下肥？看不下去了……,愤怒,悲伤,0.7901,边界模糊,悲伤,低,吐槽减肥，难判主次,,,,悲伤,边界模糊
86,愤怒→悲伤,我发现自己真是闲的，给自己找不痛快，添堵,愤怒,悲伤,0.7893,标签错误,悲伤,中,自嘲添堵，内心难受,,,,悲伤,标签错误
87,愤怒→悲伤,我已经控制不了我体内的洪荒之力了.,愤怒,悲伤,0.7865,边界模糊,开心,低,网络梗，情绪不明,,,,悲伤,边界模糊
85,愤怒→悲伤,背背背背稿子～早上背，晚上背の我的内心几乎是崩溃的,愤怒,悲伤,0.782,标签错误,悲伤,中,崩溃吐槽，非愤怒,,,,悲伤,标签错误
83,愤怒→悲伤,上个班真心不容易😭，真不知道能坚持多久,愤怒,悲伤,0.7737,标签错误,悲伤,中,无奈委屈，非愤怒,,,,悲伤,标签错误
98,愤怒→悲伤,记得有个女同学与我大倒苦水之后我寻思一番：最终反诘她道，“如果我是你理想中的男生、我很可能不会愿意娶你。请问除了父母给你的样貌身段和家境！除去这些你自己又都有些什么……我奋斗成那样的男人不是为了回过头来自贬身价娶个花瓶的，”,愤怒,悲伤,0.7727,标签正确,愤怒,中,反诘指责对方,,,,悲伤,标签正确
79,愤怒→悲伤,手指头被门夹了为什么不是脑子被门夹了,愤怒,悲伤,0.7716,标签错误,悲伤,中,自嘲倒霉，非愤怒,,,,悲伤,标签错误
82,愤怒→悲伤,而你一而再为药二的狡辩，才是在他们撕裂伤口上一把把地撒盐。,愤怒,悲伤,0.7692,标签正确,愤怒,高,指责对方狡辩撒盐，攻击性强,,,,悲伤,标签正确
78,愤怒→悲伤,这才几点就起来复习，看看看，才几点,愤怒,悲伤,0.7674,边界模糊,愤怒,低,口语吐槽，情绪指向不明,,,,悲伤,边界模糊
75,愤怒→悲伤,"金钱改变了原则,制度的缺失改变了方向,道德的失修改变了人的行为准则.",愤怒,悲伤,0.7633,标签错误,悲伤,中,哀叹道德制度缺失，无奈失落,,,,悲伤,标签错误
80,愤怒→悲伤,最近好能吃阿，就是吃不饱。疯狂贴膘中…,愤怒,悲伤,0.7581,标签错误,开心,中,吐槽能吃，实为轻松调侃,,,,悲伤,标签错误
74,愤怒→悲伤,这生日我一点都不想过！！生日也不能自己做决定。。,愤怒,悲伤,0.7577,标签正确,愤怒,中,强烈不满生日不能自主,,,,悲伤,标签正确
73,愤怒→悲伤,对于失眠一开始我是拒绝的真的真的真的脚感不适睡前没有吃药没有泡脚关键明天冬天雨天的！早课,愤怒,悲伤,0.757,边界模糊,焦虑,低,失眠烦躁，情绪混杂难判,,,,悲伤,边界模糊
72,愤怒→悲伤,连着熬夜这么多天现在我本人脸是猪肝色的,愤怒,悲伤,0.7569,标签错误,悲伤,中,自嘲熬夜脸差，无奈沮丧,,,,悲伤,标签错误
67,愤怒→悲伤,"虽然为了热血,可是定点可否延迟几秒,满场最后都是乱发飞舞,看着照片都想哭.....",愤怒,悲伤,0.7525,标签错误,悲伤,中,看着照片想哭，难过失落,,,,悲伤,标签错误
68,愤怒→悲伤,昨天退的，扣了1700多。能退回来吗,愤怒,悲伤,0.7521,边界模糊,焦虑,低,询问退款，担忧但无强情绪,,,,悲伤,边界模糊
63,愤怒→悲伤,那些没有被感染的人啊，多少人羡慕，一定要爱护自己！看到一例新的死亡病人，年仅36岁，他们家人得多难过，都是因为那些可恨的吃野味的人，这得害掉多少个家庭啊！希望大家平平安安，一起迎接下一个新年#安徽确诊新冠肺炎15例##上海确诊首例新型冠状病毒感染肺炎##武汉15名医务人员感染新型冠状病毒##武汉加油#,愤怒,悲伤,0.7247,标签正确,愤怒,高,斥责吃野味者害人家庭,,,,悲伤,标签正确
61,愤怒→悲伤,我也是醉了，上班还没一个星期，办公室钥匙就被我开断了,愤怒,悲伤,0.7225,标签错误,悲伤,中,钥匙开断是倒霉无奈，非愤怒,,,,悲伤,标签错误
59,愤怒→悲伤,偏头痛偏头痛偏头痛偏头痛！！！,愤怒,悲伤,0.7174,标签错误,悲伤,中,偏头痛反复，痛苦无奈非愤怒,,,,悲伤,标签错误
57,愤怒→悲伤,有一种想死的心情越在乎越容易做错啊！,愤怒,悲伤,0.7168,标签错误,悲伤,中,想死、做错，沮丧自责非愤怒,,,,悲伤,标签错误
58,愤怒→悲伤,要任性到什么时候..,愤怒,悲伤,0.7162,边界模糊,愤怒,低,太短，无奈或指责难判定,,,,悲伤,边界模糊
66,愤怒→悲伤,人才啊！,愤怒,悲伤,0.7156,边界模糊,愤怒,低,太短，赞叹或讽刺难判定,,,,悲伤,边界模糊
53,愤怒→悲伤,静不下来，静不下来，静不下来～～～,愤怒,悲伤,0.7105,标签错误,焦虑,中,静不下来，烦躁不安非愤怒,,,,悲伤,标签错误
54,愤怒→悲伤,与其说地不平，实际是腿一个长一个短。,愤怒,悲伤,0.7079,边界模糊,愤怒,低,陈述事实，无明显情绪,,,,悲伤,边界模糊
52,愤怒→悲伤,2011年6月PLAY杂志SJM高清扫图李赫宰/银赫[鲜花] 没新浪logo会死吗？,愤怒,悲伤,0.7021,标签正确,愤怒,中,没logo会死吗，指责抱怨,,,,悲伤,标签正确
