text,label,label_name,label_cn,source,pred_plain,pred_def
我要去帮忙了，与其这么说，不如说我要去赴死了。脸上大写的悲壮，更可怕的是我没有带隐形眼镜回来！我一定会死的很难看，好害怕,4,fear,恐惧,smp2020,4,4
梦中梦，你见过吗？我见过了，那感觉，太逼真。不过，也太瘆人，不想有第二次。做噩梦，想从中脱离，怎么办？办法只有一个，念一句阿弥陀佛。恐惧感还有，但确实能立马从梦中醒来！可是，一般情况，谁能想到念佛呢。梦里是最糊涂的时候，想念很不容易。所以，平时每天要养成念佛的好习惯！,4,fear,恐惧,smp2020,4,-1
我靠吓死了，今天回家过安检给我说箱子里有个刀，我？？？打开看了也没有，问她哪个位置说我自己放的怎么不知道，想了好久才意识到是拼豆的那个小熨斗[摊手][摊手]问我要票人太多了我也没取，可能我只有一站就让我过了吧，害怕,4,fear,恐惧,smp2020,4,4
【充电宝居然能“偷窥”手机里的私密照！！！,4,fear,恐惧,smp2020,4,4
讲道理现在头顶上空有蚊子⋯⋯我还不能走远幸好穿着长裤长袖⋯⋯太可怕了刚刚一抬头吓死我了,4,fear,恐惧,smp2020,4,4
逃离肺炎?武汉再见? ??武汉·武汉天河国际机场,4,fear,恐惧,smp2020,4,4
静不下来，静不下来，静不下来～～～,5,anxious,焦虑,smp2020,5,5
垂钓路上遇见一大帮子人，吓了一跳，传说中的夜跑群？,4,fear,恐惧,smp2020,4,4
不是说欧洲是最安全的国家吗？怎么也会恐怖.....难道希特勒复辟？,4,fear,恐惧,smp2020,4,4
大早上的肇事了心有余悸[泪][泪][泪],4,fear,恐惧,smp2020,4,4
双十一买的东西要到明年才来见我吗,5,anxious,焦虑,smp2020,2,2
哎呀！还是不能挑战惊悚，几年前看的咒乐园想起都心有余悸说明拍的演的很投入嘛！,4,fear,恐惧,smp2020,4,4
[怒] 管鑫Sam:值得留意的案例 荧惑火墟:我查了一下，武汉学者来舟山传给舟山的老师，老师传给他山东同事，就是同会议室开个会，二传了？[衰][衰] 南风-日常私炮坊:这一例是没有到过武汉[衰][衰],4,fear,恐惧,smp2020,3,-1
独居少女今天出去浪 回来以后嗓子疼我觉得我可能患了新型冠状病毒肺炎了 天呐！ ??,4,fear,恐惧,smp2020,4,4
哦对，说起来我昨晚做了个特别可怕的噩梦。梦到我在看一本日译汉的翻译理论书，并且觉得写得很好。有条有理，有例有据，简直是我看过最好的同类书籍了。心中充满对作者老师的憧憬和崇敬的我，翻到封面一看——作者：林少华在梦里当场跳楼然后吓醒了（。）,4,fear,恐惧,smp2020,4,-1
异地好难尤其现在肺炎，担心[失望] ??,5,anxious,焦虑,smp2020,4,5
一切都像一场可怕的噩梦心有余悸痛彻心扉zpy公平点我愿用一年寿命换你一年报应,4,fear,恐惧,smp2020,4,4
生活什么的，都是习惯就成了自然。当一直独身的时候，突然有一个人闯进来会变得焦虑，恐慌，同样一直有人陪伴在一旁，有一天身边孤独无人时也会陷入恐惧。习惯才是陪伴你的最好伴侣。,5,anxious,焦虑,smp2020,4,5
你的惶恐不安来源于你害怕失去.[睡觉],5,anxious,焦虑,smp2020,4,5
oh my…山东也来了？！越看越怕…过年看电影这个活动取消必须取消！！,4,fear,恐惧,smp2020,4,4
澳洲伯爵:这也是为什么当初SARS如此棘手的原因，在长久的死亡筛选中，蝙蝠和冠状病毒手拉手进化着，蝙蝠牛逼了，病毒也疯狂的进化到不怕高温，所以一旦传染到人身上，人体免疫反应出的高温根本杀不死蝙蝠培养出的病毒，最后只能用激素疗法，让人体免疫系统撤退，别打了，打不过的，再打肺就完犊子了,4,fear,恐惧,smp2020,4,4
为什么周围不停有消息在告诉我湾址有了一例新型肺炎连确切小区都出来了但是官方消息一直都没有提到芜湖市别说芜湖县了那些吃野味的好烦人啊！简直不知道该相信谁 ??,4,fear,恐惧,smp2020,3,3
略可怕，只认出来发型是你的……看到的一瞬间以为自己不小心关注了什么小网红[惊恐],4,fear,恐惧,smp2020,4,4
卧槽，现在的高科技实在太可怕了！,4,fear,恐惧,smp2020,4,4
我不知道我是生成这样了还是最近抑郁低谷缓不过来，为什么没有丝毫结束的愉快就开始了对未来的恐惧，有意思吗为什么我这人这么矛盾啊，永远逼自己做了一万次挑战，可是下一次还是跟没有做过任何事的一样害怕未来和眷恋当下。即是如此又为何要逼自己？即是如此为什么又还不停止折腾？,4,fear,恐惧,smp2020,2,2
据传~~~一个医院女护士，在晚上值班无意间拍到的。第二天女护士死了。有人网上看过照片没留言没转发，最后疯了~~~,4,fear,恐惧,smp2020,4,2
昨天的飞机坐的是最害怕的一次遇到气流颠簸不断餐食延误发放了近50分钟这是从没有过的刚开始我觉得是正常持续时间越来越久慢慢在降广播在不断安抚系好安全带停止使用卫生间餐食延误发放…紧张感和恐惧感笼罩着我和其他乘客我看了眼时间想着快一点再快一点赶快降落我把眼睛闭上了那一刻...全文,5,anxious,焦虑,smp2020,4,4
丛林噩梦欢迎来到杀人胜地][2006惊悚恐怖][中文字幕],4,fear,恐惧,smp2020,4,4
剧情最完整场景最真实人物最多最清晰的一次噩梦…惊醒的时候都不知道自己在哪里[泪]可怕,4,fear,恐惧,smp2020,4,4
我真觉得 SARS挺恐怖的 也看过一则10年后 SARS病人的报道 大概就是 当年是强效药 后遗症 坏骨头症很厉害。所以看到这次 类似肺炎 也觉得很恐怖 但是家里人 真的就是微博所说的 什么 什么新闻 还要结伴出游 于是我也很暴躁…… ??,4,fear,恐惧,smp2020,4,4
昨天的飞机坐的是最害怕的一次遇到气流颠簸不断餐食延误发放了近50分钟这是从没有过的刚开始我觉得是正常持续时间越来越久慢慢在降广播在不断安抚系好安全带停止使用卫生间餐食延误发放…紧张感和恐惧感笼罩着我和其他乘客我看了眼时间想着快一点再快一点赶快降落我把眼睛闭上了那一刻...展开全文c,5,anxious,焦虑,smp2020,4,4
才9点多就这样当街抢劫，太可怕了！！,4,fear,恐惧,nlpcc2014,4,4
半夜老鼠大胆的爬过我的脚吓得心脏不停跳手脚发抖失声尖叫才发现我离真汉子差了一只老鼠的距离氮素！我现在很想骂街很想很想真的吓死了宝宝受惊了尼玛去尼玛的我要买老鼠粘可是粘住了之后呢？谁来料理后事想想都感觉整个人都不好了嗯再爆一句粗去你大爷的真的真的吓死爹了[泪],4,fear,恐惧,smp2020,4,-1
一颗果，让10多年未见的大学同学再次相遇，一个班出了7个全国总经销，20多个省级经销商据说剩下的同学连同学聚会都不敢参加了，太吓人了,4,fear,恐惧,smp2020,4,4
以后我尽量不坐摩托车了，走路15分钟也比在摩的上担惊受怕好。,5,anxious,焦虑,nlpcc2014,0,4
今晚通关了逃生。人心最可怕。一个人在宿舍。有点不敢睡。以后不能一个人玩恐怖游戏。晚安。,4,fear,恐惧,smp2020,4,4
1月18号校假12号院假哎呦哎呦好激动可是妈的转念一想打卡要打到十二月多室友都打完了就剩我在凌晨的风中凌乱,5,anxious,焦虑,smp2020,2,2
宿便是人体肠道毒素根源，会重新侵入身体，降低人体免疫力，甚至长期便秘的女性经常会长痘痘。有道是“一日不排便，胜抽三包烟”。每个人体内都有1-15斤的宿便，好吓人噢,4,fear,恐惧,smp2020,4,4
小区里遛狗的遛狗，溜孩子的溜孩子，一片悠然，也不知道是什么时候恐慌抢购的，大家这么悠然的恐慌真的好吗？,5,anxious,焦虑,nlpcc2014,4,4
我的快递咋一件都没来，难不成已烧毁在江西！表酱子！,4,fear,恐惧,smp2020,5,5
接完电话又眯在床上，再睁眼就来不及了,5,anxious,焦虑,smp2020,2,5
没错就是我 世界第一双下巴:不看还好，一看我感觉我啥症状都有了…,4,fear,恐惧,smp2020,2,2
今天有人越狱，东葛路延长线封锁，现在人还没有找到。,4,fear,恐惧,nlpcc2014,4,4
本来想说有弹幕在我就不孤独不害怕的......还是下次叫主任放吧[惊恐][惊恐][惊恐],4,fear,恐惧,smp2020,4,4
来了之后发现一切都那么奇怪，奇怪到让我感到心慌，每个人都好像藏着密秘，什么都不愿向我透露，一个人有点害怕，我后悔了～常州·钟楼区政府公交...,5,anxious,焦虑,smp2020,4,5
恐怖片中吓人镜头集锦，将近9分钟，40部影片，简单粗暴直接吓，睡不着来看看！[阴险][阴险][阴险]秒拍视频,5,anxious,焦虑,smp2020,4,4
埃及博物馆当时逛了一整天。脚都走疼了。总之埃及人几千年就是没事雕石头玩了。图坦卡蒙的面具什么的都不让拍照。皇家木乃伊馆的东西也不让拍照木乃伊还真的蛮可怕的。胆子小的我还是觉得心有余悸,4,fear,恐惧,smp2020,4,4
基本没复习，挂科看似是必然的了。,5,anxious,焦虑,nlpcc2014,2,5
#钓鱼的男孩#代理返款一波又一波，根本停不下来[惊恐]害怕加入没单出[愤怒]NO！[向右]加入就有专属组长给你指导！[花痴],4,fear,恐惧,smp2020,4,4
刚才经过鲤湾路，再次亲眼目睹一名女子被抢手机。那土匪跑得巨快！太夸张了吧！才9点多就这样当街抢劫，太可怕了！！敬告所有女生，以后千万别在路上打电话了，这些人渣太猖狂。大家一定要格外小心吖！[可怜],4,fear,恐惧,smp2020,4,4
没有勇气去献血，因为我怕我自己也不够血,4,fear,恐惧,smp2020,4,4
过山车我坐不起啊。,4,fear,恐惧,nlpcc2014,2,2
太可怕了！太吓人了！,4,fear,恐惧,smp2020,4,4
有人给我造谣在我背后骂我说是小偷看着他的手看着他的手我给孩子找本书吓得我紧抱着我的包感觉他们在背后指指点点说我感觉那些周围的人光想打死我太可怕了这些人太可怕了在我后边造谣的这些人在我背后骂我的这些人诈骗我13号楼一套公寓楼楼中楼还想利用公共场所有人的手打死我石家庄·海悦天地（商...,4,fear,恐惧,smp2020,4,-1
妈也！对面堵了起码有几十公里了，好吓人[惊恐][惊恐][惊恐][惊恐][惊恐]秒拍视频.,4,fear,恐惧,smp2020,4,4
"郝聚民:在中国林林总总的问题中,我最担心的是教育.",5,anxious,焦虑,nlpcc2014,4,5
五十三，花花，有的时候我就炸了，你会不会嫌弃我，其实有的时候我特别生气，你让我冷静冷静就好了，我害怕伤害到你,4,fear,恐惧,smp2020,2,3
2003年非典爆发时，我还是一个小女孩，不知恐慌，没有恐惧，唯一的印象就是散发着醋味的屋子和学校不定时的放假。当时甚至有些开心，毕竟不上学的日子是那么难得。现在，我已为人妻，为人母，面对蔓延的肺炎病毒，我充满了焦虑和恐慌。昨天听说河南有了感染者，我赶紧买了香皂、口罩、案板、抹布、消毒剂，把孩子哄睡后，用酒精擦拭了全屋，拖了地，又用84消毒了卫生间，热水烫了碗筷，做完这一切已经凌晨两点了，虽然腰疼的厉害，可心里却稍微踏实一点。今天看到河南疫情又在增长，恐惧和焦虑又开始蔓延。突然发现，处在30岁这个坎，上有老，下有小，真的不敢病，不敢死，也忍受不了身边人有一丁点疏忽。只能严密的做好防范，并真诚的祈祷，肺炎病毒快快过去，愿每个人都平安、喜乐！,5,anxious,焦虑,smp2020,4,4
狼狈不堪，彻夜不眠，惶恐不安的一天将过去！愿你以后擦亮眼睛，再也不要把自己莫名其妙陷入难堪的境地！宜州市,5,anxious,焦虑,smp2020,4,2
求求了，外头的人暂时别进去，里头的暂时别出来。忍一忍。,4,fear,恐惧,smp2020,4,4
公交车上一年轻女子眉飞色舞的对同伴讲述她前几日陪一个朋友拿着两仟块购物卡去消费，眼里放射的光芒让我惊竦，……………,4,fear,恐惧,nlpcc2014,4,4
太可怕了！！卧槽！！自己丑还要拉人下水！！太可怕了！关系一般的人发东西真的不能留言吓人的慌,4,fear,恐惧,smp2020,4,4
今天第一次上晚课，忽然感觉在文化课班工作比当艺术老师恐怖多了,4,fear,恐惧,smp2020,4,4
和畏惧生育带来的对自身负面影响相比，我更恐惧我是否有教养后代的能力和资格，一想到有可能她或他会被我的言行影响一生就更恐惧。,4,fear,恐惧,smp2020,4,4
公交车上，对面坐着地中海大叔，跟他通电话的估摸着是相亲对象，先是对自己一顿猛夸，接着说自己可能太优秀又不丑所以很多人追，宝宝当时毛骨悚然到爆,4,fear,恐惧,smp2020,4,4
推拿熊: 财新网:管轶表示：“爆发是肯定的。‘武汉通九省’，加之错过黄金防控期、以及春运大潮，有些人不作为。我也算身经百战，经历过禽流感、SARS、甲流H5N1、猪瘟等。但对于这次武汉肺炎，我真的感到极其无力。根本没法跟SARS疫情相比较。当年SARS最初是在珠三角几个城市发病，之后是北京和香,4,fear,恐惧,smp2020,4,4
香辣鸡肉碎:所以不戴护目镜也会被感染。。吗 动脉影:划重点：“因此高度怀疑是病毒先进入结膜，而后再到全身。如果这个推测成立，则我的防护盲点就在没有戴防护镜。”[跪了]，现在这么多病人在医院根本没人带防护镜啊，都在强调口罩.......,4,fear,恐惧,smp2020,4,4
我慌了[泪],4,fear,恐惧,smp2020,5,5
遵纪守法不乱穿马路的老百姓是不是应该去团购钢铁侠的铠甲啊……,4,fear,恐惧,nlpcc2014,3,3
寒风凛冽，大雪中的我在担心远方的你冷不冷…,5,anxious,焦虑,smp2020,2,5
又看见了那只蟑螂，光着脚在地上刚准备打，它嗖嗖地跑，吓得我蹦回床上，结果它跑床下去了...这两天感觉哪里都可能藏着蟑螂，真可怕[眼泪][眼泪]重庆·重庆邮电大学,4,fear,恐惧,smp2020,4,4
4号到现在，不敢想，这中间要接触多少人,4,fear,恐惧,smp2020,4,4
出门晚十分钟，路况都不同，🚘堵呀不是一般的堵，幸好🐠儿在离上课三分钟的时候到学校了，真悬。这老天是咋的了雨下个不停，就不给喘息的机会晴两天暖暖的阳光好想念噢,5,anxious,焦虑,smp2020,2,2
有點心悸的感覺= =好不舒服= =我今天咖啡才喝一小杯而已耶!,4,fear,恐惧,nlpcc2014,5,5
同事的电脑主机用着用着就冒烟了，吓得我赶紧备份了资料,4,fear,恐惧,smp2020,4,4
昨天也是无意间跟你说罚你跪榴莲的，没想到你真的去买了，还跪了，吓死我了心疼,4,fear,恐惧,smp2020,4,4
很可怕的心态，迫切地想摆脱现状，又畏畏缩缩不行动，一方面无论是现实还是自己的心理状态都告诉自己是时候进入社会是时候面对真实的职场，另一方面又害怕无法承担压力活得糟心,4,fear,恐惧,smp2020,4,4
是不是我为自己说的话付出了代价啊？为什么这几天老是害怕睡觉啊？一睡觉就是满脑子恐怖[惊恐]的画面啊？还有特别想哭的冲突？本来想着成为国家一级逃犯，现在这点事情都快吓死我了，成为一个逃犯必须具备:坚强，勇敢，不畏惧生死，敢于拼搏，还有舍弃一些其他东西比如感情，一个逃犯是不可以有感情...全文,4,fear,恐惧,smp2020,4,4
我妈在这种时候发烧我的天我怕死了@天之大83802,4,fear,恐惧,smp2020,4,4
最害怕惹别人生气、那种感觉一点都不好、我错了,4,fear,恐惧,smp2020,4,4
何小沁:我靠！！[衰][衰][衰] 陈迪Winston:过去两天之内新确认136例，迄今共计确认198例，这两天之前的全部时间确认62例,4,fear,恐惧,smp2020,4,4
雨什么时候才能停啊，我想去跑步,5,anxious,焦虑,smp2020,2,5
本来要在十一点睡的我十一点才踏着回寝室的门在陌生的地方待了一整天天黑了以后惶恐不安好多这种莫名奇妙心慌的时候都会想如果你在就好了要死了讲这种话智商捉鸡根本很多地方无法理解也会害怕得闭上耳朵深夜的武汉聒噪闷热又掩藏不了空气里的人们隐约的孤独,5,anxious,焦虑,smp2020,4,-1
"教育已经出了问题拉，现在要赶快扭转[给力] 李百瑶:同意 郝聚民:在中国林林总总的问题中,我最担心的是教育.教育出了问题,毁的可不是一代人的问题.这个错误纠正起来太难了.",5,anxious,焦虑,smp2020,3,4
一想到考完的那分钟，就心好痛倒计时18天。,5,anxious,焦虑,smp2020,2,2
大陆真的没有瞒报吗,4,fear,恐惧,smp2020,4,3
我结膜炎时不时复发的啊……之前支气管炎也没完完全全好干净，还有点痰，慌得一批,4,fear,恐惧,smp2020,4,5
在那天带上耳机勉强入睡的失眠后半夜，做的梦简直可怕：来到陌生的寝室，加上我总共5人，其中3个女生要杀掉另1个，我作为旁观者被告知却全程观战，恨不得要找个地方藏起来一方面躲避嫌疑不同流合污，一方面又没勇气告知那个女生怕被同样排挤，呵呵，真是我的性格啊，想做好人装善良又害怕麻烦与困境..,4,fear,恐惧,smp2020,4,4
大有广场刚刚发生了抢劫[惊恐][惊恐]，然而我在公交车上看见了全过程，吓得我整个人都不好了,4,fear,恐惧,smp2020,4,4
外面的雨好恐怖，很多地方估计都被淹了。,4,fear,恐惧,nlpcc2014,4,4
心里有事，所以睡不好觉了，怎么破？,5,anxious,焦虑,smp2020,5,5
有点慌了！！！,4,fear,恐惧,smp2020,5,5
昨天的记忆还在脑子里游荡，今天就已经过完。时间有时候过的飞快，来不及停留，只剩下后怕。现在的我，除了时间，其他什么都没。但现在，仅有的时间，那么飞逝。有些累，更有些害怕。,4,fear,恐惧,smp2020,4,4
一个孕妇跟我撒娇！吓到我了！天啊！,4,fear,恐惧,smp2020,4,4
今天突然听说小我一岁的堂妹孩子已经几个月了？？？[摊手]那个男孩子我们这些三姑六姨是一次都没见过啊[摊手]更可怕的是下午得知，她未来公公在今早突然暴毙了……感觉村里嫁出去的，都好惨……一个招的上门女婿，没能力养两个孩子；另一个刚生完孩子没来得及扯证就成了寡妇……我好害怕，这村有毒…,4,fear,恐惧,smp2020,4,-1
国庆出游，车多拥堵，自行车骑行，一路你骑我坐，我骑你坐，卿卿我我，乐斋乐斋。前往何处，模模糊糊，路崎岖道不平。终寻平坦道，兄弟几个拦路不让过，害怕劫她色，肯定打不过，吓傻我俩个，她哭我难过。梦醒，尿。做记，发微博。,4,fear,恐惧,smp2020,4,4
"Logiquedelasensation:一线门诊没有防护服，物价涨，物资缺，然后只能上网来求助，我不知道怎么说。 世界末日旗旗子: 顾硬硬:这种情况，我们如何能尽快帮上忙？希望尽快看到方式方法，欢迎评论区分享。我妈妈在一线门诊没有防护服，没有护目镜，口罩每天只能拿到一个，我们的焦急和担忧，谁能""",5,anxious,焦虑,smp2020,2,-1
#十一不出去玩因为穷#瘪蒜葼虽然是[月亮]吧这个灵异类好害怕，可算是吓死我了，真的是。一丝,4,fear,恐惧,smp2020,4,4
#苏州确诊一例新型肺炎病例#我真的好怕，昨天pyq就有在传园区的，今天就中标，我大江苏也没挺住刚pyq传吴江永鼎也中标了我真的好害怕 啊非典的时候我1岁还没到 ??苏州,4,fear,恐惧,smp2020,4,4
现在当然是汪东城时间与记忆儿时。同学讲恐怖事件。我害怕到无法什么。。,4,fear,恐惧,smp2020,4,4
印象不深了这个可吓人了[惊恐]小时候就无法接受这么傻逼的服饰造型、弃剧了[拜拜]童年阴影，吃肉饼，挖眼珠，丢进蛇堆封神榜1990,4,fear,恐惧,smp2020,4,4
担心着全世界最莫名其妙的罚款；,5,anxious,焦虑,nlpcc2014,4,5
啊哭了[跪了]不敢回去上学了,4,fear,恐惧,smp2020,2,2
确实如此，自己没有的或者做不到的，或者做的不够好的，就会寄希望于他人帮自己实现。因为要求别人总比要求自己来得容易的多得多。我们会被那个身上拥有自己缺失那部分的人所吸引，但这个人一旦离开，自己会变得惶恐、害怕，好像丢掉自己身上一部分，我们会变得患得患失。我分享了为什么你总是想要理想...,5,anxious,焦虑,smp2020,2,4
糖一勺盐一口_ :真的多注意 又增加了???,4,fear,恐惧,smp2020,4,4
对生活垃圾的恐惧始于两年前，我发现家里的垃圾桶每天都特别满，觉得自己相对来说，是与外界打交道比较少的，所以这么多奇怪的垃圾，我很害怕，觉得要被垃圾掩埋了。在洋洋小店坐了半天，楼下全是在给面包包装的声音，特别薄的透明包装袋上印着店的logo吧，我猜的。丝丝拉拉的声音折腾了一上午。,4,fear,恐惧,smp2020,4,4
[跪了][跪了][跪了][跪了][跪了][跪了]过完年我还得去广州，怎么办,4,fear,恐惧,smp2020,2,5
长得漂亮我倒是觉得没什么，长得美还很努力的生活，不断提升自己这我就害怕了。——来自一个整天不思进取的而恐慌的我,5,anxious,焦虑,smp2020,4,4
南宁市民注意注意啦！！！这几天晚上最好不要出门，老实在家。今天有人越狱，东葛路延长线封锁，现在人还没有找到。消息来自附近居民，绝对真实！！！@南宁人不知道的南宁事,4,fear,恐惧,smp2020,4,4
我一直在敲打我的心告诉我自己不要怕不要怕不要怕,4,fear,恐惧,smp2020,4,4
太恐怖[惊恐]了[伤心][伤心][伤心],4,fear,恐惧,smp2020,4,4
恐怖片中吓人镜头集锦，将近9分钟，40部影片，简单粗暴直接吓……胆小慎点！|秒拍视频,4,fear,恐惧,smp2020,4,4
小时候被两个恶梦困扰好几年。其一是闭眼就会看到一条笔直的大道伸向远方，两旁是深深的森林，没来由觉得阴森可怖。还有就常看到一只硕大的手指压向自己，就象捻动一只蚂蚁。而且感觉粘腻如蛇，令人恶心恐怖。这两个恶梦使我少年时就常失眠和夜惊。,5,anxious,焦虑,smp2020,4,4
大清早的又去工地，还要走这样一条可怕的路。看，就中间那个用砖墙！好长一段，我好怕，但还是要走……幸好今天没穿高跟鞋。最后，就是一脚的泥……,4,fear,恐惧,smp2020,4,4
操，噩梦连着做，中间吓醒四次，但是太困了，自己瞬间睡着，然后又做，梦见现实害怕的所有东西，不怕梦不全，反正日子长,4,fear,恐惧,smp2020,4,4
今天去药店排了好久的队也没买到口罩，消毒液一人限买一瓶，这么多人都意识到了要防犯于未然，可怎么也说不动我老爸于是我想到了一个好办法给父母看朋友圈，告诉他们不带口罩不是中国人??不转发十个群，不带口罩十二生肖来年没有好运气戴口罩一到十二月出生的人来年家人平安，生意兴隆相信我看到这些字眼，他们一定会戴口罩#全国已确诊473例新型肺炎病例##怎么劝说父母戴口罩#,5,anxious,焦虑,smp2020,0,-1
一个以前很喜欢的博主2015年没有更新过微博，停更之前说身体不好住院了，我好担心她是不是屎了,5,anxious,焦虑,smp2020,4,4
另外，今天晚上，日本的核安全部门透露一号堆里面最多已经有70%的燃料棒已经破坏，但是他没有说是熔化还是破损,4,fear,恐惧,nlpcc2014,4,4
hello_neda:江苏挺住！！！我不出门了[泪],4,fear,恐惧,smp2020,4,4
接近疯狂的报单模式😱宝宝们不要催了,4,fear,恐惧,smp2020,4,3
我一直表示我抗拒我男人我儿子和我闺女的BG配对，这被一些亲们误会成因为我是王道饭所以抗拒BG。其实，我只是不希望我闺女们受到伤害，尤其是来自我男人我儿子的饭的伤害。其实我何止是抗拒我闺女们的BG，我甚至抗拒我闺女和任何当红男爱豆的瓜葛。我是真的害怕了……,4,fear,恐惧,smp2020,4,3
#新型肺炎已致湖北17人死亡#江苏还是没有挺住[泪][泪] ??,4,fear,恐惧,smp2020,4,2
曾经，家里卫生间漏水淹到楼下那家，人跑上来吼了我一顿，今天，邻居告诉我楼下那家已经15年没住人了。,4,fear,恐惧,smp2020,2,2
许久没熬夜，这周事情繁密，如暴风雪般。改两篇稿子就足以让我不得不熬夜我的脸啊,4,fear,恐惧,smp2020,5,5
无数东京出身的日本人都告诉我京都人腹黑...所以社长早上起床给我做早饭，我是心惊胆战惶恐不安的....日本·京都,5,anxious,焦虑,smp2020,4,5
[泪]好怕，动不动就骂人的boss，[泪]没做错事都这种态度，做错的话不得[泪]每天都战战兢兢、如履薄冰过日子～,4,fear,恐惧,smp2020,4,4
[悲伤][悲伤]真的好害怕 财新网:管轶表示，SARS的60%-70%的感染者都是来自个别超级传播者，传播链很清晰，只要封堵那几个人的接触者就可以了。但是这次，传播源已经全面铺开了，要做流行病学调查已经做不了了。保守估计，此次感染规模是SARS的10倍起跳。我经历过这么多，从没有感到害怕过,4,fear,恐惧,smp2020,4,4
三亚的海鲜市场都是要吵架才能买到东西的好可怕😱,4,fear,恐惧,smp2020,4,4
今年的行程計劃了不少 不知道最終能去成几個 剛才想起去年定下今年暑假要去日照來着 又看見同學說暑假入藏求同去 我是想去來著 可是我的暑假好像都計劃完沒有空閒了。。。[晕],5,anxious,焦虑,nlpcc2014,2,5
我怎么觉得镜头没照到的左侧机翼已经擦到地面了？1.最后那下风切变，机身整体忽然一沉。2.右起落架这么看应该是接地过载了。3.落下来后，得做后起落架结构探伤了。4.真TM吓人，估计我坐里面得吓死了，本来就恐飞。,4,fear,恐惧,smp2020,4,4
19线小县城也有疑似了，广东还成了重灾区，我踏马现在怕的要死，不想回去复工,4,fear,恐惧,smp2020,4,4
唉，明天早上要去医院检查了，希望不要是肺炎从今天早上开始，咽痛，干咳，肺部痒，头晕乏力，深呼吸疼痛……看着自己一条条中标，心里越来越害怕，不敢去医院，好在还没有发烧思来想去，我也没接触过武汉相关啊，昨天吃了年夜饭，好多人聚在一起焦虑害怕恐慌，到现在也睡不着，不过最终还是要面对的，加油！一切看明天了,5,anxious,焦虑,smp2020,4,4
这个蜡烛即使是停电了，也有很多人不敢用。这瓶装着恐怖脑仁的蜡烛液像不像科学怪人实验室里面的试验品，有兴趣的朋友买个回去摆摆，晚上看着看着也挺吓人的！,4,fear,恐惧,smp2020,4,4
现在真的好恐怖啊。。。,4,fear,恐惧,nlpcc2014,4,4
真TMD吓死我了，还以为你在等我下班,4,fear,恐惧,smp2020,4,4
真的害怕 刘码露:.. 财新网:管轶表示，SARS的60%-70%的感染者都是来自个别超级传播者，传播链很清晰，只要封堵那几个人的接触者就可以了。但是这次，传播源已经全面铺开了。保守估计，此次感染规模最终可能会是SARS的10倍起跳。我经历过这么多，从没有感到害怕过，大部分可控制，但这次我怕了。,4,fear,恐惧,smp2020,4,4
做噩梦吓醒真的好可怕！想整个人躲到被子里找点安全感但是这天气还是热了点默默的又探了出来,4,fear,恐惧,smp2020,4,4
好奇妙的感觉，像没睡着一样(实际上是睡着了，迷迷糊糊还有点意识，而且很清楚自己在做梦)，翻来覆去的时候我都知道，后来想越想越恐怖(睡着状态的时候想)就想起来一下，谁知道身体不受控制，根本动不了，后来再挣扎一下才起来的，吓得我赶紧起来发了条微博,4,fear,恐惧,smp2020,4,-1
我有点接受不了！,4,fear,恐惧,nlpcc2014,2,2
[惊恐][惊恐][惊恐][惊恐]太恐怖了！密集恐惧症患者受不了,4,fear,恐惧,smp2020,4,4
宁可白的病态也不要黑的惶恐不安――浴室里的灯,5,anxious,焦虑,smp2020,4,4
有点小恐怖，不知不觉今年已经买了这么多东西了,4,fear,恐惧,smp2020,4,4
乘上飞机那一刻，生与死都不是自己决定的，强大的气流是我最恐惧的，那种不安和惶恐无法形容，旅途中无论多晚多累都不重要，平安抵达就是最好的，已安全到达昆明机场了，明天开始我的云南之旅……(艳后),5,anxious,焦虑,smp2020,4,4
左机翼应该已经接地了吧...亲身经历表明机长技术是足够应对绝大多数紧急情况的。听过机组广播失控，我还活着，没恐飞，经常飞。1.最后那下风切变，机身整体忽然一沉。2.右起落架这么看应该是接地过载了。3.落下来后，得做后起落架结构探伤了。4.真TM吓人，估计我坐里面得吓死了，本来就恐飞。,4,fear,恐惧,smp2020,4,-1
洗脚房里有种浴足汤叫“盐加醋”，问我要不要洗这种。我说不要，感觉想要把我的脚做成糖醋蹄花。,4,fear,恐惧,smp2020,4,3
做了个噩梦[互相膜拜]参加了Leonard的fullbodyproject[拜拜][拜拜]害怕[拜拜][拜拜]爷爷观念太前卫艺术家，承受不起[摊手],4,fear,恐惧,smp2020,4,4
今年过年是我跟爸妈说话最多的一年 无限循环洗脑疫情严重性 Anakin:风险管理上保守一点不过分。,4,fear,恐惧,smp2020,0,4
是杀害那么多少年儿童的罪魁祸首！,4,fear,恐惧,nlpcc2014,3,3
"生气的老师,有点个怕怕...那个谁...谁谁的...对了.Isabella快来看哦.表要和大宝抢醋哦...",4,fear,恐惧,smp2020,4,3
就广州而言，冬天不下雨还好，一下雨那就是入骨的冷啊,4,fear,恐惧,smp2020,2,2
这一晚上给我吓尿了，跟演电影似的，终于天亮了。,4,fear,恐惧,smp2020,4,4
还没脱离危险。,4,fear,恐惧,nlpcc2014,4,4
更为可怕的在这：1.沙特伊教徒人口占100%，2.汉志省除吉达外的所有城市非伊教徒都不得进入和生存，其中的居民亦无退教自由。3.宗教教法代替国法[思考]沙特是一种公开的恐怖,4,fear,恐惧,smp2020,4,4
没发生在身边，其实不觉得害怕，发生在了身边，当天还不怕，现在又觉得有些后怕。。。[惊恐][惊恐],4,fear,恐惧,smp2020,4,4
去开会，在电梯里碰到一人，张嘴就问，你还记得我吗？浑蛋啊，最害怕的就是这种问题，我犹豫地说，尼似军训站在我旁边的吗？对方摇头，我浩然正气地问，辣尼似谁？对方恐慌了，扼，是我认错了吗？好吧，是我认错了。[汗][汗][汗][汗][汗],5,anxious,焦虑,smp2020,4,-1
刚刚跟室友说，不想开题，不想毕业了。毕业后，就要一个人去找工作，一个人租房子，真是想想都害怕。现在一年1200的宿舍，虽然小，但至少它便宜，至少还有人陪啊。,4,fear,恐惧,smp2020,4,4
今天带宝贝去高家庄扎针，那个人多啊！看个病就跟打仗似的，吓死宝宝了,4,fear,恐惧,smp2020,4,4
昨晚的摔倒，让我现在还心有余悸，摔倒那一霎脑袋都懵了，一片空白[可怜]十堰·茅箭区,4,fear,恐惧,smp2020,4,4
紧张死了,5,anxious,焦虑,nlpcc2014,5,5
#新型冠状病毒# 比恐慌更可怕的是怠慢。—《看见》（讲述非典时所写到） ??,5,anxious,焦虑,smp2020,4,4
最后一只咋回事。。不过对大型犬还是莫名的恐惧太吓人了,4,fear,恐惧,smp2020,4,4
一周没看工作邮件，接个电话都战战兢兢，这样的工作态度也难怪赚多少花多少了。,5,anxious,焦虑,smp2020,5,5
刚才看见一辆车与出租车追尾，一群出租车司机聚拢过来围住那辆车的的司机。把我吓出了一身汗，看来千万不要与出租车亲密接触啊。,4,fear,恐惧,smp2020,4,4
他拿了钱，我国的核电站建筑安全质量会下降吗？,4,fear,恐惧,nlpcc2014,4,4
这种惊吓人生中有一次就够了。真的吓坏了。伙伴们也要注意安全。[感冒],4,fear,恐惧,smp2020,4,4
#国内确诊324例新型肺炎病例#河北唐山的我好慌 河北挺住！[作揖] ??,5,anxious,焦虑,smp2020,4,5
睡觉的时候做了个噩梦，然后努力控制自己转换场景，没想到还是在那个梦里，还是很可怕，最后强迫自己醒来，一看手机才6点多，心好累,4,fear,恐惧,smp2020,4,5
一夜的噩梦！吓死我了！晚上不能看丧尸片！,4,fear,恐惧,smp2020,4,4
意思就是跟他姐一样的心性成长，女人啊！懂事点，太让人担心，会让人害怕。我怕的是你养了他的孩子，到最后反过来咬死你。这社会太可怕了。敢这样抛弃他老婆的人，这种人还算是人吗？,4,fear,恐惧,smp2020,4,4
病毒面前，人人自危,4,fear,恐惧,smp2020,4,4
真实地感受到恐慌，并非是在意识到自己很穷之后，具体是在觉察到现在的工作毫无前途的时候。从来不惧怕眼前的困境，无望的前景却能将人一秒击溃。能做什么呢，想做什么呢，可以坚持做什么呢。一个大大的问号。,5,anxious,焦虑,smp2020,4,5
我怕痛我怕我会更挫…,4,fear,恐惧,nlpcc2014,4,4
感觉会有一场大战。我的愿望是世界和平🙏🙏🙏,4,fear,恐惧,smp2020,4,4
好生着急！,4,fear,恐惧,nlpcc2014,5,5
吓人！[惊恐]#鹿晗#可怕[摊手][摊手][摊手]#鹿晗#[摊手],4,fear,恐惧,smp2020,4,4
吓shi我了。,4,fear,恐惧,nlpcc2014,4,4
让我毛骨悚然的两种生物就是！一是猫！猫在我面前呜呜呜的样子太吓人了！另一种就是如图这个男星的样子！看到他的样子我的心就发毛！,4,fear,恐惧,smp2020,4,4
我有个学生是个十岁的小女孩，每周都一早从我们的漳州校区（石码），自己一个人坐车—转船到厦门，再从码头搭公交车来找我上课！女孩的父母都是老师，我发现我比她父母担心，开始几周我都去码头接她，后来我也忙，发现她也比我还路熟，也就没去接她了，不过每次我都是揪心地等着她到了才放心！,5,anxious,焦虑,smp2020,5,0
刚做了一个可怕的噩梦，能到压抑了很久的自己在梦里失声痛哭。从北京的迷茫到天津的安定，还没有找到自己的职业归属。有些失落和心慌。|榆树·榆西...,5,anxious,焦虑,smp2020,2,5
想都不敢想呀！,4,fear,恐惧,nlpcc2014,4,2
反社会人格吧？可怕卧槽[衰][衰][衰][衰][衰]………………………[拜拜][蜡烛][惊恐][蜡烛]我勒个去wtf。。。,4,fear,恐惧,smp2020,4,4
刚刚在一个群里看到一件非常恐怖的事。突然觉得一个人是有多么深的阴暗面，才能达到处心积虑的去*假装别人的生活*骗取其他人的信任和钱财呢？？钱财物质固然好，可挥霍过后最终换来的又会是什么呢？每天在睡梦中也要为第二天编织怎样的借口骗局而恐慌吗？,5,anxious,焦虑,smp2020,4,4
牌公子:[跪了] 洛之秋:“如果这个推测成立，则我的防护盲点就在没有戴防护镜。” 可是现在发热门诊那些排队看病的人，都没有护目镜啊！如果这样推断，情况不堪设想...,4,fear,恐惧,smp2020,4,4
尼玛太吓人了今天在家乐福买的肉煮出来汤是黄色的！咱把萝卜煮了萝卜都黄了尼玛要日天啊。。。。。。。。。。。,4,fear,恐惧,smp2020,4,4
这段时间连续两次梦见可怕的丧尸，当梦醒了还是害怕。,4,fear,恐惧,smp2020,4,4
好火药 : 王福重 : 中国流感死的更多,4,fear,恐惧,smp2020,4,4
吓死宝宝了！！！我竟然接通了！！！菲律宾！菲律宾！！菲律宾！！！,4,fear,恐惧,smp2020,4,4
今天大连首例就是武汉人出差大连 所以武汉出行管控真的太必要了吧 晕晕 Petrichor-bpk:这真的是100%来自武汉,4,fear,恐惧,smp2020,4,4
有了暖气是好事，可是“兴奋”到这点睡不者，因为三处暖气管道就偏偏我这屋的管道水流声淅淅沥沥的不断，本就属于入睡困难户，再加上这样的节奏……不说了，数羊去……,5,anxious,焦虑,smp2020,2,2
不得不承认。我的内心是畏惧和恐慌的,5,anxious,焦虑,smp2020,4,4
真害怕哪天他要是找事到我家，我又经常一个人在家，啊啊啊，吓死了。。。[泪][泪][泪],4,fear,恐惧,smp2020,4,4
眼睛近视，做激光矫正手术吗百度一查，[流汗]眼科医生自己都不做，太恐怖了[惊恐]你愿意让你的孩子遭这样的罪吗[眼泪]试试三中睛吧，不仅可以彻底改善视力，还不会有副作用，美国FAD认证产品，安全可靠，我自己也天天喝[咖啡]，每天受益者反馈也不断，真的每天都发不完[眼泪],4,fear,恐惧,smp2020,4,4
拜托快点出现不想再一个人这样下去了🙏,5,anxious,焦虑,smp2020,5,2
md，我简直是作死晚期患者了，看了个恐怖电影图解，...脑子里就只剩图片里突然冒出来的大眼睛了，一点都不动人😞，nozuonodie，重点是那句whyyoutry,4,fear,恐惧,smp2020,4,4
"#李易峰帮你剪个头#看他的眼神，真的感觉特别的害怕，超级恐怖。,我觉得他有这样的一个发型，确实看起来非常的有杀气",4,fear,恐惧,smp2020,4,4
就在今早，大约9点多钟，我的一个女同事在地铁团结湖站D口出口，被人抢夺了一部iPhone4S，且电话其家人说人已被绑架，速带钱来赎人，此事已经报案了。真是太可怕了，光天化日，首都的CBD核心发生这种事情，让我们这些上班族提心吊胆啊，希望@平安北京能够加大对团结湖附近犯罪的打击，还北京平安,5,anxious,焦虑,smp2020,4,4
马大哒打贼:看傻了 合金妖王刘成文:有意思....但愿这种事只发生在游戏里.....,4,fear,恐惧,smp2020,0,4
#一件小事#想出去做兼职，循着别人发的传单上的地址跟着百度地图到达目的地，是座很高的写字楼，入口周围的墙壁很脏，隐约能看到“A座”两个字，看来没找错地方。害怕一个人坐电梯，于是沿着楼梯往上走，目的地是九楼，还不算高，楼梯道上偶尔会有一些细碎的剪掉的头发，让人很容易联想到恐怖的画面,4,fear,恐惧,smp2020,4,-1
渣浪起昵称太难:春运人流量这么大，南来北往，交叉传播避免不了，只能自求多福了 王小momore:就应该这样 不仅仅应该在澳门 建议全国所有城市都这样！,4,fear,恐惧,smp2020,3,3
下午要不要上班，[思考][思考]怕被叫去验尸。,5,anxious,焦虑,nlpcc2014,4,4
广东太热，刚刚电脑主机起火，吓尿！,4,fear,恐惧,smp2020,4,4
#广东发现6起家庭聚集性疫情#比非典还厉害。 ??,4,fear,恐惧,smp2020,4,4
她说怕把持不住瞬间感觉我入了狼窝,4,fear,恐惧,smp2020,4,4
交友也是校园文化之一，但谈恋爱影响学业的话就值得担心了。,5,anxious,焦虑,nlpcc2014,4,5
我犹豫了半天，弱弱的打了几个字·····还在么？,4,fear,恐惧,nlpcc2014,5,2
#新型肺炎病毒存在变异可能##新型肺炎确诊440例死亡9例# 希望加大宣传力度!有些中老年真的都还没意识到严重性。最近出门戴口罩? ，勤洗手，多通风少去人多的地方总而言之我很慌……[允悲] ??石狮市,4,fear,恐惧,smp2020,4,5
#黑龙江确认首例新型肺炎病例#武汉到牡丹江没得直达，很大可能要哈尔滨中转，哈尔滨挺住啊 ??,4,fear,恐惧,smp2020,4,4
不过在大庭广众下透过话筒被叫真名的鸭梨真的大大滴有[汗],4,fear,恐惧,nlpcc2014,4,2
别人都拿了好几个offer了我还没有开始申请，真怕学校不要我,5,anxious,焦虑,smp2020,5,5
老板不回了，好忐忑，不知道还要怎么改，或者他对我的修改特别不满意,5,anxious,焦虑,smp2020,5,5
请一定一定要有效[泪] 追风少年刘全有:一定要有效啊！拜托了！ 战争史研究WHS: 奔向轻量化:大家放心，我们在德国的很多同学查证过了。03年sars期间该教授确实做出过很大贡献，德国吕贝克学校官方推特也做出了他携带着可能有效的药剂前往中国的报道，希望教授平安且药物有效[加油],4,fear,恐惧,smp2020,0,-1
包括我在内的所有普通民众，对这次核电站事故的影响，怀有恐惧心理，希望政府能在各大强势媒体上让真正的专家解读一番，从而打消人们的疑虑，或者教会人们面对影响的方法。,4,fear,恐惧,smp2020,4,4
我爸居然让我明年五一结婚，我的天，太吓人了,4,fear,恐惧,smp2020,4,4
内心的莫名的恐惧，不知道害怕什么，一直心慌，害怕的一个人一直哭……心脏坏了还是脑子坏了,5,anxious,焦虑,smp2020,4,4
明明想到了一个段子突然又忘记了真是快疯了就是想不起来怎么办,5,anxious,焦虑,smp2020,5,5
晚自习，两个同学交头接耳，数次之后，老师忍无可忍，喝道：说什么呢？非要在上课的时候说？！学生战战兢兢地答道：再商量怎么给祖国母亲庆生。,4,fear,恐惧,smp2020,4,4
妈耶 在昆明的各位小心点 学校就在高铁站旁边 开学可以再晚一点吗[泪],4,fear,恐惧,smp2020,4,4
但我们毕竟对电影行业不熟悉，所以也不敢贸然尝试。,4,fear,恐惧,smp2020,4,4
在噩梦中醒来，才发现原来我是如此害怕这些，一会到家乡就梦到这都快被遗忘的事情[悲伤],4,fear,恐惧,smp2020,4,4
釜山行原来是鬼片吗？我的天，看了一下宣传片吓死了。之前还以为是战争片。[惊恐][惊恐][惊恐],4,fear,恐惧,smp2020,4,4
大半夜战虫子心惊胆战[悲伤]，本来想逃到我妈房里，可是看它居然敢飞到我床上还在我衣服上爬我就炒鸡生气，虽然害怕还是先把它拍晕然后踩了一脚，最后用凳子角压着它。可是还是好怕啊，心脏扑通扑通都能听见了，虫子请灭绝好吗[悲伤]，神经衰弱就是被这么吓出来的，特么的还会飞[打脸]。发了一般的置顶...全文,4,fear,恐惧,smp2020,4,4
近两天在外开会，早上在宾馆次自助歺时，我取了白稀饭和豆浆，一喝感觉不怎对劲，我无意把两碗混一起准备倒掉，那想到添加剂下的稀饭和豆浆变成蛋花絮状，吓人一跳！在外次东东真得谨慎啊！是真相，无图片！😜,4,fear,恐惧,smp2020,4,4
27周：离预产期越来越近，离安全期也越来越近，反而越发的担心，胎动和分泌物稍微不正常点，就各种担惊受怕，怕早产怕提前破水，走路也会越发的小心，这样的心情怕是要到30周以后才会放松些吧，开始给宝宝准备物品了，作为新手对此一片茫然，只能翻翻别人的攻略，跟风买买。现在最大的心愿,5,anxious,焦虑,smp2020,5,5
有次我住一个小旅馆，梦见在睡觉醒来看见床脚坐着个老太，然后吓得真的醒来。,4,fear,恐惧,nlpcc2014,4,4
病毒 口罩 护目镜 封城 像一部实体末日片,4,fear,恐惧,smp2020,4,4
尼玛吓死我了，人家剪个头发回来跟劳改犯一样短的可怕，后面什么鬼[黑线][黑线][黑线][白眼][白眼],4,fear,恐惧,smp2020,4,4
在坦尾果个站嚇死寶寶了一大群人下車本來車廂是滿的都空了╮⊙o⊙╭╮,4,fear,恐惧,smp2020,4,4
当我把他的烟和打火机扔到厕所的时候，他的所作所为，让我害怕，胆怯，或许我们真的不适合在一起吧，一次次吵架，一次次宽容，几乎触碰底线，真的需要冷静一段时间，冷静，别再相互折磨了。,4,fear,恐惧,smp2020,4,4
太可怕了，不知道是事故还是恐怖袭击,4,fear,恐惧,smp2020,4,4
其实我现在好慌啊，19号从广东自驾回重庆，中途在广西河池城市便捷酒店住了一晚，20号晚上到，一直没感觉任何不适，但昨天21号下午坐地铁去了洪崖洞没戴口罩（因为没买到）回来明显感觉吞咽时喉咙痛，今天去镇里的药店拿了扁桃体发炎的药，吃了一次还是没好转的迹象[失望]#新型冠状病毒# ??,5,anxious,焦虑,smp2020,4,-1
对前任处于担惊受怕状态泸州·泸县,5,anxious,焦虑,smp2020,5,5
一大早起来看到Drake车祸的消息真的吓到了,4,fear,恐惧,smp2020,4,4
因此，在种族灭绝的同时，对残留印第安人的文化清洗也极为彻底地进行。,4,fear,恐惧,smp2020,2,2
我靠～要突破三万了[惊恐][惊恐][惊恐]仔细一算～净得快200w了～太恐怖了，才半年～,4,fear,恐惧,smp2020,4,4
这噩梦做的我魂飞魄散。真是惊醒。那个惊,4,fear,恐惧,smp2020,4,4
确诊了！大家，还是窝里蹲吧！,4,fear,恐惧,smp2020,4,4
30号晚在路过武黄高速时亲眼目睹左侧车道停了一长串追尾车辆，其中还有一辆白色小轿车前后被一辆施工吊车及双层旅游大巴夹在中间，简直是惊魂一幕啊，想想都后怕[生病]，建议大家尽量避免在雨夜出行,4,fear,恐惧,smp2020,4,4
好害怕的其实半夜做了噩梦被自己吓醒不敢睡觉一直找朋友聊这样真好心里舒坦了好多,4,fear,恐惧,smp2020,4,4
我太难了 不加糖的橘:求求了父母长辈根本不听觉得你神经病，只能求新闻广播循环播放取消拜年 詹记篮球吧:求求了能不能号召一下今年不要走亲戚了啊 大家每年都见面真的不差这一年 老一辈信息闭塞几乎没有防范措施 可不可以一级一级下发点文件什么的通知一下啊下发到具体乡镇那种,4,fear,恐惧,smp2020,4,-1
做了一个很可怕很可怕的梦，特别真实，吓人的我都不敢告诉我的舍友……,4,fear,恐惧,smp2020,4,4
昨天一个ow的女孩在水下出现状况，升水后晕厥，等抢救过来，忘记，自己怎么了，连酒店都不知道，真是可怕，才第一潜就这样，吓死人了[闭嘴]泰国,4,fear,恐惧,smp2020,4,4
难道我已经步入了大龄剩女的行列了？,4,fear,恐惧,smp2020,2,2
回家路上有人经过我旁边跟我说话没理睬，功放起音乐，后来朋友出来说了会话瞥见他没走远，等朋友走了他跟我示意要送我吓得我看到绿灯逃似的跑了，心里想肯定喝多了，不然就是我没戴眼镜遇见过的家长跑友…没灯的路上各种不安回头，还等了个超漫长煎熬的红灯！还好路程不长，后面就大胆走了，吓死宝宝了,5,anxious,焦虑,smp2020,4,-1
吓到我了⊙﹏⊙@Origami陈熙强Origami你是怎么发现我的,4,fear,恐惧,smp2020,4,4
我真的害怕死过年走亲戚串门了 淮楠竹北:山东你快给我一级响应！！！！天津都一级响应了，你是没熊数吗？自己人多少不知道？ 林空鹿饮溪lllllll:看笑了[允悲] 马慧平的微博:您顾涌顾涌,4,fear,恐惧,smp2020,4,-1
我怎么觉得我快要得幽闭恐惧症了……房间必须通风凉爽最好开窗，否则就心慌焦虑暴躁紧张……[感冒][感冒],5,anxious,焦虑,smp2020,4,5
#杨样从你的全世界路过#…我还专门等到这个彩蛋安慰自己？？？？？？？去你妈的！！！你们太吓人了！！！没看到彩蛋就被赶了，桑心着呢卧槽，害怕,4,fear,恐惧,smp2020,4,4
舞台的可怕之处在于它会放大一个人的缺点但舞台的更可怕之处在于它会放大一个人的优点使你有些不认识那样一个完美的你,4,fear,恐惧,smp2020,4,4
全国延迟开学吧我是真的害怕?,4,fear,恐惧,smp2020,4,4
南昌麻丘！！！[跪了][跪了] 大学城就在附近啊！！！,4,fear,恐惧,smp2020,4,4
鱼姜: 诸侯鱼: [话筒][话筒][话筒][话筒][话筒] 求转发！不要恐慌！不要一股脑去医院！,5,anxious,焦虑,smp2020,4,4
Alice在梦境: 我是武汉的……百步亭社区每年都搞万人聚餐，每年都还上电视。开始确实防范没做好，群里有人说说自己住市场附近几站路，有发热医生让他们回家自己隔离，政府只强调不传谣，其他基本都是闭口不谈。这两天才重视起来。,4,fear,恐惧,smp2020,4,4
做了一个我很恐惧的梦。说去理发店剪头，理发师用推子一推，脑袋正上方靠右的位置推到了头皮，我刚想发怒询问，理发师让我自己看，我就把头稍微一低，对着镜子看到几个黑色的小虫子，我用手抓他们还往旁边没剪的头发里钻，吓得我就醒了，现在码字的状态也是鸡皮疙瘩一身，被子里瑟瑟发抖就像穆赫兰道,4,fear,恐惧,smp2020,4,-1
[费解][费解][费解] AnZhIcOnG_:@舟山网警巡查执法 大过年的也不骂人了 太阴心识:浙都27例了，竟然这么多！相对而言，浙人口不多，地也不大，竟然比例这么高！武汉人如果愿意，舟山群岛那边有很多小岛，你们可以去小岛上避难，不要跑人群聚集地嘛！,4,fear,恐惧,smp2020,4,4
做个噩梦把自己吓醒了，卧槽，梦里的故事还真精彩呢。醒来：你还真挺能编剧的啊，小伙儿……不光多族裔出演，还有宗教，还特么都是英文，哎妈，醒了醒了呢，还把我后怕够呛……加拿大·多伦多,4,fear,恐惧,smp2020,4,4
最后那个吓人[吃惊]真可怕太凶残了太可怕最后那个最吓人了！太吓人了,4,fear,恐惧,smp2020,4,4
玩再多的游戏也不能让自己不难受…现在就是做着噩梦永远醒不来[泪]敏感的我发现，有的人比噩梦还可怕,4,fear,恐惧,smp2020,4,2
看完恐怖片才意思到自己是一个人睡旅馆，楼道隔音不好能听到脚步声，楼下还有那种服务，害怕到没有困意[拜拜][拜拜][拜拜],4,fear,恐惧,smp2020,4,4
害怕最近总是做噩梦[惊讶]，感觉做了不对的事情,4,fear,恐惧,smp2020,4,4
一直再刷新青岛有没有确诊新型冠状病毒我好怕 我好方[悲伤] ??青岛,4,fear,恐惧,smp2020,4,4
&amp;quot;越长大越害怕失去，于是才懂得了珍惜，珍惜那些对自己而言至关重要的人和事。&amp;quot;#小编的日常#我们对死亡的恐惧，是因为害怕那些一直默默陪在身边的彼此关心的人，还没等到我们初露锋芒有所作为，他们就已提前离开，甚至，来不及作最后的告别。,4,fear,恐惧,smp2020,2,2
地铁上突然有个人对我说：有时间你要上网多看看圣经，信耶稣。，好可怕,4,fear,恐惧,smp2020,4,4
#青海首例新型肺炎疑似病例#周围亲戚也不知道哪来的消息就开始各种造谣[摊手]我真的害怕极了 ??海东,4,fear,恐惧,smp2020,4,4
考不完的试，学不完的习，天啊。。。,5,anxious,焦虑,nlpcc2014,2,5
#韩国出现一武汉肺炎确诊病例##浙江发现5例武汉来浙并有发热等症状患者# 我有衣服从杭州寄过来 还在路上 我还能收嘛[泪][泪] 一波一波热搜搞得心慌慌[委屈][委屈] ??,5,anxious,焦虑,smp2020,4,5
#武汉封城#刷到一条恐怖的预言微博。自从我受伤，开始漫长的养伤期，觉得是流年不济，就像很多人说本命年犯太岁一样，我开始对命理学感兴趣，然后。。。 ??,4,fear,恐惧,smp2020,4,4
有點心悸的感覺==好不舒服==我今天咖啡才喝一小杯而已耶!我真的覺得哪天我會死在咖啡手上==喝太多!!,4,fear,恐惧,smp2020,4,5
害怕和你说话太凶了像严厉的长辈有恐惧感,4,fear,恐惧,smp2020,4,4
害怕不是对案件本身的恐惧，而是拨开迷雾后的真相震慑人心，任何理由都可以成为动机。,4,fear,恐惧,smp2020,4,4
新年元旦，恰逢妈妈生日，全家到湖南凤凰县城旅游，没想到遭遇血光之灾。,4,fear,恐惧,nlpcc2014,2,4
要过年了，大家要小心啊！！！,4,fear,恐惧,nlpcc2014,4,4
建议直接封城?,4,fear,恐惧,smp2020,4,4
今天考试，我昨天就开始紧张，现在做梦梦到高考还会惊醒，一辈子得噩梦！！！,5,anxious,焦虑,nlpcc2014,5,5
一早上就被这个突如其来的新闻给下一激灵！,4,fear,恐惧,smp2020,4,4
昨晚梦到好多高中同学、一个二个的都变得好狰狞的说～吓死人了。醒来黑暗处又看到不想看到的东西、看到了odousann、拼命地跑掉…再醒来原来都是梦。[悲剧],4,fear,恐惧,smp2020,4,4
我们不知道这一天什么时刻来临，但也许就在15年内的某一天降临。,4,fear,恐惧,nlpcc2014,4,4
我最害怕的事情就是对我很好的人慢慢的就对我不好了,4,fear,恐惧,smp2020,4,4
惴惴不安等着新闻中心的轮值夜班。。。。。。,5,anxious,焦虑,smp2020,5,5
深夜🌙🌙那是我盛夏中最蔚蓝的一夜～是啊～现在回忆起也很美好……明白心情为什么骤然低落……在你莫名其妙的感到烦躁的时候……诚实的听听内心的声音……这样就舒服多了……我开始这么做……,0,happy,开心,smp2020,0,2
再也不能让期待变成等待 因为我在乎你啊,0,happy,开心,nlpcc2014,2,2
宝贝一定做好防护措施，戴好口罩啊 TFBOYS-易烊千玺:#致敬疫情前线医护人员#向所有医护人员致敬！希望大家都做好防护措施，愿所有人都平安健康。 TFBOYS组合:#致敬疫情前线医护人员# 致敬伟大的医护人员们，你们辛苦了！愿大家都能平安健康[心][心][心],0,happy,开心,smp2020,0,4
艾玛，美图功能太强大了👍美图的世界你不懂,0,happy,开心,smp2020,0,0
开心是发自内心的，不需要迎合任何人……,0,happy,开心,smp2020,0,0
中秋快乐‥ ‥ ‥[红心][蓝心][紫心],0,happy,开心,nlpcc2014,0,0
给医护人员加油吧，作为普通人只能这样了。,0,happy,开心,smp2020,0,2
太棒了！！！！[心][心][心][心],0,happy,开心,smp2020,0,0
你遇见的只是给自己设置的障碍罢了,0,happy,开心,smp2020,0,2
在电影上映前啃完了《火星救援》原著小说。没学过物理化学看起来略有费劲，各种名词不认识并且对任何一种物理化学各种东西产生的反映毫无概念，唯一明白的就是氧气和二氧化碳。但看不懂这些也没关系不会影响阅读这本小说。男主角的幽默感塑造的不错，整部小说节奏也很赞，现在就是期待电影啦！,0,happy,开心,smp2020,0,0
"好男人就是我,我就是好男人,....",0,happy,开心,smp2020,0,0
毕业后的你两年后的你五年后的你十年后的你依然无所畏惧不害怕失败！一步一个脚印的稳稳的走好每一个自己的决定[加油][拳头][拳头][拳头],0,happy,开心,smp2020,0,0
1Y11M18D，调皮鬼铲外婆阳台的泥，笑地停不下来，你可真会玩那…,0,happy,开心,smp2020,0,0
#来抄河南的作业##河南硬核##河南发布疫情预防短信##河南省长#第一次见到这么多关于河南的好热搜[给你小心心]希望大家都能平平安安[心] ??,0,happy,开心,smp2020,0,0
希望我们兔年都能走运啦。,0,happy,开心,nlpcc2014,0,0
这城市，没有你也照样美丽，我的世界，没有了你却缺了好大一块。,0,happy,开心,nlpcc2014,2,2
哈哈哈哈哈哈哈哈哈哈哈哈哈哈哈哈哈哈哈哈~,0,happy,开心,smp2020,0,0
还说是去上厕所了，结果偷偷跑去写土掉牙的双❤️，不过还是挺感动的，因为突然看到好惊喜。表现不错,0,happy,开心,smp2020,0,0
【初恋时光】名模那笛因酗酒陷入低谷回到家乡，初恋男友白熠峰为拯救那笛用情至深，最终两人回到了初恋时光。大学生乔剑和杨晓萱相爱，乔剑为照顾母亲两人始终无法相聚，一次意外乔剑去世，杨晓萱为爱继续乔剑没有完成的事业。,0,happy,开心,smp2020,0,2
随手评论的一句竟然就上了马建国的热评,0,happy,开心,smp2020,0,0
真的是天大的事见个面拥个抱就好了😞,0,happy,开心,smp2020,2,2
防夫人_防弹贤内助: 恋弹:[good][good][good] 一等黑魔导:给想知道的人科普一下，单纯建立蛋白质建模正常工作就是两三个月的工作量，中国科研机构不仅一个月内完成了蛋白质建模，还完成了病毒分离测序以及一系列其他工作。,0,happy,开心,smp2020,0,0
"[给力] [给力] 心动不如行动,换个发型,换个心情......[花心] [赞] [good]",0,happy,开心,nlpcc2014,0,0
天亮了吧，闹铃响了吧，极不情愿地起床了吧，我的问候及时赶到了吧，高兴了吧，那就笑笑吧。早安,0,happy,开心,smp2020,0,0
都是我的最爱O(∩_∩)O哈哈~[偷乐]@此用户已存在2011 @周踌琢 @sikwan的空间 @facingl @alcanta2009,0,happy,开心,nlpcc2014,0,0
我一直是相信好事多磨的，就比如我前一秒还在为没有票而着慌，后一秒就收获了更多惊喜天时地利人和，如今只需静候佳音,0,happy,开心,smp2020,0,0
千万小心,0,happy,开心,smp2020,4,4
"总觉得你会戎马归来，我很想你、很想你，我很坚强，学着珍惜,我在等你呐",0,happy,开心,smp2020,0,2
#老徐看盘#征服畏惧、建立自信的最快最确实的方法，就是去做你害怕的事，直到你获得成功的经验。,0,happy,开心,smp2020,0,0
丁香医生:好消息！,0,happy,开心,smp2020,0,0
国士无双[心],0,happy,开心,smp2020,0,0
"这几个演员都是有内容的,值得收藏.",0,happy,开心,nlpcc2014,0,0
救命恩人 KAKYUU:先马再看,0,happy,开心,smp2020,1,1
发张我超级喜欢的小萝莉：,0,happy,开心,nlpcc2014,0,0
我们都是NOVO控！,0,happy,开心,nlpcc2014,0,0
百因必有果，拒绝吃野生动物，人得有对生命的敬畏之心 玉龙小段:蝙蝠不是罪魁祸首，对野味的贪婪才是！,0,happy,开心,smp2020,3,3
《妈妈，我要陪你去西藏》，今天终于到了，打算回家读给女儿听~,0,happy,开心,nlpcc2014,0,0
天气不够好没关系，你够好就行啦[好囧][怒骂],0,happy,开心,smp2020,0,2
"20110629希澈TW更新：新时代的孩子要早睡早起^0^活泼又可爱的单纯孩子澈澈,也要睡觉觉喽~★........这是按摩脚的时候按错穴位了吗(-_-)好像戒酒以后产生的禁断症状!!??",0,happy,开心,smp2020,2,2
感觉在看一部热血沸腾黑吃黑谍战片,0,happy,开心,smp2020,0,0
愛你們每一位[good][蛋糕][心][可爱],0,happy,开心,nlpcc2014,0,0
春晚特别节目说，在过节的欢乐气氛外还要关注疫情，实际上是关注疫情顺带过年记忆中的第一次除夕停电，差点就烛光年夜饭了，想想也挺有意思的也是印象中第一次除夕夜电闪雷鸣风雨交加，正好大家都少上街，减少感染了今年春节很特别，2020年也一定不凡希望疫情早些过去，家人朋友身体健康??新的一年脱不脱贫好说，少脱发就行?超级重要的：考研成功上岸??emmm 和我大哥好好滴?祝大家新春快乐噢！鼠年大吉，万事顺意?,0,happy,开心,smp2020,0,0
"宝贝,今天冲我挥小手,嗷嗷嗷!!!",0,happy,开心,nlpcc2014,0,0
木易虫单: 打开微博36条@，神马情况~城哥啊~~这图拍得哈嗲~够壮观！,0,happy,开心,nlpcc2014,0,0
大家晚安了，和我一样傻的橘子和番茄，明天六级也要加油！,0,happy,开心,nlpcc2014,0,0
很开心今天和丹丹全家看了场电影，虽然电影一散场就开始工作但还是很快乐。,0,happy,开心,nlpcc2014,0,0
喜欢这种感觉，下着雪，牵着手，和你一起走过整个冬季,0,happy,开心,smp2020,0,0
我刚刚参加了基础赛车学校赛事中的第2阶段！我驾驶我的FordFocusRS获得了1st！,0,happy,开心,smp2020,0,0
宫殿弄那么好看是要闹哪样啊！！！！！！！！！！！！！！,0,happy,开心,nlpcc2014,3,3
回覆@张小娴: 這小子不知吃過多少好東西，哈[哈哈] 。,0,happy,开心,nlpcc2014,0,0
我早上的时候看到这张照片，真是戳了萌点。,0,happy,开心,nlpcc2014,0,0
2015.11.24陪臭臭过的第一个生日，也是领证后第一个重要日子，老早就做好计划可惜只完成了一半，剩下的惊喜就留到明年吧在WaraWara解决了吃饭问题，西瓜酒很好喝，看着臭臭吃生日蛋糕和长寿面，我很满足。他说许了两个愿，都是和我有关的，臭臭太傻。,0,happy,开心,smp2020,0,2
和男朋友的对话我的脑子里一天都在想啥新头像哈哈哈每天说这些挨揍都没人拉着的话,0,happy,开心,smp2020,0,0
说再多的防范措施都无法消除大家内心的担忧，春节期间是人流动最大的时间节点之一，这已经不是不出门就能解决的问题了！现在大家要做的就是做好自身的防护、尽量避免外出或去人流密集的场所，发现不舒服随时检查，防止自己生病也保护他人免于生病！[心]最后希望武汉人民可以保护好自己，加油[心]#武汉成立疫情防控指挥部# #春运如何严防新型冠状病毒##武汉对进出武汉人员管控#,0,happy,开心,smp2020,4,4
哈哈 笑死了。,0,happy,开心,nlpcc2014,0,0
自制力太差！听同事推荐《北上广不相信眼泪》试着一看，一口气连看六集，赶紧睡觉咯。不过真的很好看！！,0,happy,开心,smp2020,0,0
罒_罒哈喽大家好~我是犀利到你们都无法正视的史上最帅花椰菜cloud！,0,happy,开心,nlpcc2014,0,0
祝愿平安[泪][泪],0,happy,开心,smp2020,0,2
只要35元就能买到一张及富个人魅力和饱含大众通感的王牌大碟！,0,happy,开心,nlpcc2014,0,0
糖糖我不会叫你后悔今天的决定的一定！！,0,happy,开心,smp2020,0,3
友情一下，虽然不利于我们的收视率，但有利于京城球迷的利益！,0,happy,开心,nlpcc2014,0,0
想要看到他开心的笑。,0,happy,开心,nlpcc2014,0,0
哈哈哈哈 我早剪了~~~在看美男前得两个月~我一剪掉就有人说我像美男= =那时候我还不知道谁是美男。,0,happy,开心,nlpcc2014,0,0
[太开心][哈欠][ok]真心不错！刚吃完饭，碗还没洗呢，一定要赞一下！[睡],0,happy,开心,smp2020,0,0
[给你小心心] 李易峰全国投票团:全国人民一起为#武汉加油# ，我们一起打赢这场防疫战！[拳头],0,happy,开心,smp2020,0,0
我的媳妇小妖精穿起我的衣服还是挺帅的嘛,0,happy,开心,smp2020,0,0
惴惴不安看了一天影评，比想象中的全网黑酸好了太多太多。我又开始相信实力改变偏见一说了。,0,happy,开心,smp2020,4,5
刚想睡，就被热搜震醒]田口淳之介在直播说要退团退社，KT10年感情了😳当年被黑最没团魂的龟梨还撑着今天听到郑泽运回答十年之后自己的样子：VIXX的Leo😭😭😭果然是我爱的男人,0,happy,开心,smp2020,2,2
no3，湖北省珠宝协会理事单位盘龙品玉斋总经理宁静女士真诚奉献数十年选搭翡翠经典技巧！翡翠买真，已是人们达成一致的共识，那么最怕就是钱花了却买到假货，次货，或者被宰，在鱼龙混杂的翡翠市场，人们很难信任初次接触的商家，或者第一次买上当后总会心有余悸，在此奉上技术含金量最高的诚恳建议！,0,happy,开心,smp2020,0,4
是的，无论怎样，你都好帅，帅帅帅，喜欢你到爆,0,happy,开心,smp2020,0,0
这个可了不得，把毛主席搬出来，尼玛，看你还敢假！,0,happy,开心,nlpcc2014,3,3
熬夜看虐漫，但下车后看到明里一瞬间，也许一切都是值得的！曾经纯真的感情并不会随着时间的流失而消逝,0,happy,开心,smp2020,0,0
昨天丢了优盘，丢了手机卡，迷了路，下错车。。。好像一天把所有的坏运气都用上了。但今天的心情却无比灿烂,0,happy,开心,smp2020,0,0
在花一样的年纪，我们也就要去过着花一般绽放的日子，年轻就是要充满激情，而不是迷茫的前行。早安，旅院,0,happy,开心,smp2020,0,0
逗逼的一天过去了，新的一天来了，两位，生日快乐！,0,happy,开心,smp2020,0,0
虽说🐶弟弟这两天一直在逼我，各种逼我，把我逼上绝路！！😌😌，但是依旧阻挡不了他的帅气，哈哈哈~19岁的🐶比我小20天的🐶哈哈哈生日快乐,0,happy,开心,smp2020,0,0
#钟南山谈疫情#愿平安度过此劫? ??,0,happy,开心,smp2020,0,4
这个太有才了~~ 我们都是有病的人: 有点像高玉宝写的。,0,happy,开心,nlpcc2014,0,0
众志成城，都要加油，挺住???,0,happy,开心,smp2020,0,-1
另，冰冰老师演得实至名归。,0,happy,开心,nlpcc2014,0,0
??平安过节吧,0,happy,开心,smp2020,0,4
福建这回也要撑住!,0,happy,开心,smp2020,0,3
他每天晚上上完晚修之后骑单车回家~然后他爸或者他妈就开部车跟在他后面帮他照亮夜行的路~,0,happy,开心,nlpcc2014,0,0
#武汉加油# 加油? 祯香现场:#武汉加油# 与你同在[感冒]一定可以成功的[拳头] 杨幂:#武汉加油# 咱们一起，打赢这场防疫战！,0,happy,开心,smp2020,0,0
封城了，没啥好说的，只能祈祷平安，保护好自己。 ??,0,happy,开心,smp2020,4,4
胡歌会演好夜华的。,0,happy,开心,nlpcc2014,0,0
差一点的玥饼 : PizzaForLai_赖冠霖数据站 :#武汉加油# 加油?我们一起打赢这场防疫战,0,happy,开心,smp2020,0,0
#全国确诊309例新型冠状病毒肺炎#中国加油? ??,0,happy,开心,smp2020,0,0
那天赶上周末，下着大雪。宝贝儿兴奋极了！我和宝爸带着他出去玩雪，宝爸辛辛苦苦堆了一个雪人，喊我跟宝贝儿过去看。在一边玩雪的宝宝走过去看了看雪人说：像猪八戒。哈哈哈，宝爸好伤心啊！不过到底像不像有图为证_____,0,happy,开心,smp2020,2,2
连续下雨这么多天，今天中午又可以跑起来了,0,happy,开心,smp2020,0,0
"武艺的生日马上就要来临,在这位新星生日之际发生这种事情,真的很令人内疚, 加油！",0,happy,开心,nlpcc2014,2,2
话说回来，Chanel棉靴确实比羊毛靴做得更精致更秀气细节感更强，有那么一点点动心？,0,happy,开心,nlpcc2014,0,0
[good][good],0,happy,开心,smp2020,0,0
有时候，上天没有给你想要的，不是因为你不配，而是你值得拥有更好的。不要因暂时的失意而萎靡，而应向更美的未来去努力。,0,happy,开心,smp2020,0,-1
睁眼就吃了两个芒果班戟，幸福感爆棚,0,happy,开心,smp2020,0,0
保护他们保护自己！！,0,happy,开心,smp2020,3,3
南旅文艺部预祝篮球赛圆满成功！！！！,0,happy,开心,smp2020,0,0
上善若水柏树林:收藏,0,happy,开心,nlpcc2014,0,0
老苗答应老三、老五、老九，今天随便你们在阳台内到处大小便，不骂你们哈[哈哈],0,happy,开心,nlpcc2014,3,3
相信通过日积月累的磨练，这个品牌理念定会广为流传，影响一批人的生活态度。[good],0,happy,开心,nlpcc2014,0,0
远在天涯的朋友：或许已是遥远得无法问候，但还是谢谢您曾经的结伴同行。,1,grateful,感激,nlpcc2014,1,1
虽然丢三落四，粗心大意，但是还好没被人嫌弃，感谢同学朋友们的帮助，还有陈先生矢志不渝的支持,1,grateful,感激,smp2020,1,1
衣服经常湿透了，@朱晓辉 知道我总是忘记带换的衣服，今天特地给我带了一件崭新的t恤，我在想这星期要不要都忘带[馋嘴]，哈哈，谢谢我的好搭档。,1,grateful,感激,nlpcc2014,1,1
致敬 TFBOYS-王源:#致敬疫情前线医护人员# 感谢你们的伟大付出！大家一定要保护好自己，愿所有人都平安健康[心] TFBOYS组合:#致敬疫情前线医护人员# 致敬伟大的医护人员们，你们辛苦了！愿大家都能平安健康[心][心][心],1,grateful,感激,smp2020,1,1
我喜欢NK唯饭~真心的爱着NK的任何人我都喜欢~所以请其他人不要酸不要璀璨维尼饭~2pm来维尼饭会支持~现场不是loli维尼饭有黑木崖御姐~这次这么高的效率~不是loli饭能做出来的~请互相尊重谢谢,1,grateful,感激,nlpcc2014,0,0
真心感谢有这么多无偿分享好看的图的妹子在微博上🙏虽然不说现实遇到连在网上也不敢打招呼，但真的一直都在承蒙照顾，每天看更新就是一种乐趣呢，以后也请多关照,1,grateful,感激,smp2020,1,1
谢谢闺密朱如此用心的款待，让我们收获快乐的同时更收获了感动！！！！,1,grateful,感激,nlpcc2014,1,1
开始——现在，马上一周年，很开心，谢谢放下一切每天陪着我,1,grateful,感激,smp2020,1,0
哥还连说了好多谢谢。,1,grateful,感激,nlpcc2014,1,1
阿詹Ganglha-Khandro: 热依扎:感谢你们 [泪]保佑你们平安归来?,1,grateful,感激,smp2020,1,1
哈哈^ω^默默的感谢这些小伙伴今天的杀人游戏，今天的夜宵，今天的聊天，今天的茶都让我慢慢适应，第一天关了灯试着睡觉……,1,grateful,感激,smp2020,1,1
谢谢妹妹还帮我照了下来，谢谢你帮我照看巧儿，交给你们老放心了[飞吻]巧儿周日趁我针灸蹭了一节毛笔字课，单看还行[鬼脸二][鬼脸二][鬼脸二],1,grateful,感激,nlpcc2014,1,1
我在这里，不能代表整个学校的学生，我只能代表我自己，像您对我们的关心，抱以最为衷心的感谢。,1,grateful,感激,nlpcc2014,1,1
Nick把谢谢说成西西了，哈哈哈~my love ing,1,grateful,感激,nlpcc2014,0,0
感谢这次培训的组织者和所有参与者。,1,grateful,感激,nlpcc2014,1,1
阿姨为救猫甚至被他们关进图下的地窖里不被放出来，认真是好事，做点实事更好，谢谢,1,grateful,感激,nlpcc2014,1,1
谢谢那位观众。,1,grateful,感激,nlpcc2014,1,1
我没想到，真心谢谢。,1,grateful,感激,nlpcc2014,1,1
吃着，聊着，喝着，晒着，憧憬着，这个团圆的节日因为有你，你们的陪伴而格外温暖，慢慢的，我开始习惯这个陌生的城市[黄心]谢谢我亲爱的朋友们???????,1,grateful,感激,nlpcc2014,1,1
银河里的小星星x:[心]谢谢哥哥发声[泪]#武汉加油# 我们一起[心] 汪苏泷:#武汉加油# 我们一起！,1,grateful,感激,smp2020,1,1
大家对我的祝福和鼓励我都收到了，再次谢谢我的好朋友们！,1,grateful,感激,nlpcc2014,1,1
70 Timewentby-DAYTOY :致敬！愿平安[心] 肖战全球后援会 :#致敬疫情前线医护人员# 向奋斗在疫情前线的英雄们致敬！?? 肖战工作室 :感谢有你！#致敬疫情前线医护人员# ?愿医护人员做好防护！注意安全！[作揖],1,grateful,感激,smp2020,1,0
更要感谢各位老师们的悉心教导.,1,grateful,感激,nlpcc2014,1,1
吃饭洗澡然后参加floorevent+keating，明天艺术馆+打包gift，迎接来美第一个感恩节,1,grateful,感激,smp2020,1,1
"时间一直在走,自己一直在变化一直向前走,感恩一切过得很好,很快乐.",1,grateful,感激,smp2020,1,1
庆幸一直有你从你奶奶你爷爷变成奶奶爷爷从你娘娘说出在自己家吃饭不用等从你妈愿意带我去认识每位家人从阿姨变成妈从你家变成我们家感恩,1,grateful,感激,smp2020,1,1
🎂🎂🎂，很意外，还记得我生日的朋友，睿，成，玥，他们的生日我都没那么准时的记得，顿时感觉好惭愧，谢谢你们，我要好好珍惜你们,1,grateful,感激,smp2020,1,1
感谢Dora，感谢老俞，感谢VAIO，感谢ADSL。,1,grateful,感激,nlpcc2014,1,1
蔡徐坤工作室:#武汉加油# 感谢一线医护人员的付出。大家做好防护工作，我们一起，共渡难关！ 蔡徐坤:#武汉加油# 我们一起，打赢这场防御战！向战斗在一线的医护人员致敬！,1,grateful,感激,smp2020,1,1
@严艺丹 注意我的表情变化：[闭眼][坏笑][眨眼][微笑][傻笑][开心][大笑][哈哈][哈哈][哈哈][偷笑][偷笑][偷笑]还有郑重其事地谢谢丹姐给我写的歌「追梦的孩子」！,1,grateful,感激,nlpcc2014,1,1
"谢谢给我帮忙的同志们,你们月底一定会签大单的!",1,grateful,感激,nlpcc2014,1,1
感谢大家的关注支持，是亲友滴是朋友滴，没事多来串门呗！,1,grateful,感激,nlpcc2014,1,1
想到今日與舊時摯友的談話原來。。有和我一同守護美好回憶的朋友多年未見前塵往事歷歷在目我們都還記得…那些年的小事好感動邊打訊邊流下眼淚原來老天在多年後安排這樣的劇情讓我們依照著紅線牽起我們的緣非常老套但十分動人太開心了難以言喻啊。。😚我們都好幸福感恩！！,1,grateful,感激,smp2020,0,-1
感谢小伙伴们陪我度过愉快的生日🙏🙏爱你们,1,grateful,感激,smp2020,1,1
感谢这个世界有你们[心]白衣天使[赞][赞][赞],1,grateful,感激,smp2020,1,1
感谢科普,1,grateful,感激,smp2020,1,1
迟夙生:万分感谢您，其实我关心不仅仅是文主任更是我们自己,1,grateful,感激,nlpcc2014,1,1
你们是好人，我会把感谢放在心里或者放在梦里的…,1,grateful,感激,nlpcc2014,1,1
谢谢晋a2f430的车主，在我过马路的时候没按喇叭催我，给我让路！,1,grateful,感激,nlpcc2014,1,1
w 是你的啾仔:感恩所有医护人员！宝宝也要千万照顾好自己啊！[感冒][感冒][抱抱][抱抱][抱抱] 阿云嘎Musical:大家积极防治，感谢医护人员对我们的无私付出 #致敬疫情前线医护人员#,1,grateful,感激,smp2020,1,1
午夜0点钟声响起，#感恩节#即将来临，你会为谁送上第一份祝福？是辛劳的父母、贴心的爱人，还是真诚的朋友？小牧的祝福是一杯纯粹的健康营养，那么你的呢？,1,grateful,感激,smp2020,0,1
#河南新冠肺炎新增4例#今天收到物业信息：“各位业主，为了防止新型冠状病毒感染肺炎的传播，物业十点之前将对小区进行消毒，消毒期间可能产生气味，请大家理解，春节期间请不要去人员密集的地方，出门请带口罩，为了大家的安全，防止外来人员流动，我们小区大门将进行二十四小时关闭状态，出门请带门禁卡，有走亲访友的请到大门口登记以后在进小区，谢谢大家的配合！” 为物业点个赞,1,grateful,感激,smp2020,0,4
听说咖啡可以治疗抑郁，缓解烦躁的心情。我每天心情都这么好，感谢我的美杯美咖，偶尔的小不耐烦是不是表明我喝的不到量呢,1,grateful,感激,smp2020,1,1
WAITAMOMENT:最近的疫情得到控制，还我中华平安，谢谢了[跪了][跪了],1,grateful,感激,smp2020,1,1
感谢未曾谋面的你们，特别感动，谢谢,1,grateful,感激,smp2020,1,1
哎 木遥:不知道信誓旦旦说这次肯定比十七年前做得好的人看了这个报道是什么感觉……（有一说一，基因测序试剂研发确实快了无数倍，谢谢科学家们,1,grateful,感激,smp2020,1,1
我的美女姐姐。从小到大有你在我身边一直伴我慢慢长大。我感谢上帝赐予我这么完美的一个姐姐。已经过十二点了，祝你生日快乐,1,grateful,感激,smp2020,1,1
鞠躬，大喊谢谢领导，蹦跳而出ing[乐乐],1,grateful,感激,nlpcc2014,1,1
感谢丹丹小姐昨天长途跋涉赶回来陪我过节＇在火锅红酒的围绕下携手迈向2011。,1,grateful,感激,nlpcc2014,1,1
呜呼呜呼，谈笑风生永存于心，感恩这些日子你们的陪伴，我很开心，感谢这一切，感谢你们。。,1,grateful,感激,nlpcc2014,1,1
晒晒我家屁王送我的克罗心小熊暖水袋，屁王看我冻手，送我的暖手神器，冬天室外接车展等等的通告活动也不怕冷了。谢谢我老公,1,grateful,感激,smp2020,1,1
今天见到了老朋友超开心，应该有八年多没见了，谢谢你把我的Logo做的好漂亮,1,grateful,感激,smp2020,1,0
[嘻嘻] 谢谢最可爱的你们～～,1,grateful,感激,nlpcc2014,1,1
嘿嘿，当舅舅了，感谢小生命的到来，为我们的生活增添新的色彩，愿健康快乐的成长！,1,grateful,感激,smp2020,1,1
谢谢你们 保佑???,1,grateful,感激,smp2020,1,1
谢谢你们对我的支持喔[耶][good],1,grateful,感激,nlpcc2014,1,1
能看到我发的微博的，点个赞，谢谢亲们,1,grateful,感激,smp2020,1,1
就像陈奕迅和杨千嬅一样，他很适合做老公她很适合做老婆，到唯独他和她不适合，因为总有一些无法避免的故事前提和不可抗争的因素会发生，不过你要感谢它们的发生，这会让你多个好朋友或者多个好兄弟，朋友比情侣好的多，前者之间干什么都只有干或者不干，后者之间都是满满的顾虑，多个大兄弟出来，真好,1,grateful,感激,smp2020,1,0
外甥表示满意说：谢谢！,1,grateful,感激,nlpcc2014,1,1
谢谢那么多的同学。,1,grateful,感激,nlpcc2014,1,1
Moveha寄居蟹们围绕着火鸡，是不是很有节日氛围呀~感谢您使用Moveha租房~,1,grateful,感激,smp2020,1,1
谢谢米骑，太暖心[给你小心心] MickysKnight_米骑站:首先祝你新年快乐[爱你]其次要好好保护自己哦，尽量不要出门，即使迫不得已出门也记得戴上口罩！加油！我们一定会在哥哥的某一个活动见面的[给你小心心],1,grateful,感激,smp2020,1,1
我脾气性格都不好到连我自己都会嫌弃谢谢我这样你都会一直爱我,1,grateful,感激,smp2020,1,1
我们被紧紧拥抱的这许多许多小幸运要好好努力才能更对得起最近遇到的暖心事太多了虽不说何德何能也要道一句心怀感激感谢你们爱护珍重我的笑容肯定珍惜我的内心感激🙏,1,grateful,感激,smp2020,1,1
p不动了先这样吧哈哈！下午修了个毛趁机试妆装！😂4p感谢弟弟的小埋哈哈👀盯,1,grateful,感激,smp2020,1,1
感谢你的付出，让大家目睹了这么空前绝后的完美赛事；,1,grateful,感激,nlpcc2014,1,1
截止4月7日收到爱心救助款；叶小姐200元，吴志萍给宝宝的小布丁MP3和婴儿用品，谢谢大家对宝宝的帮助和祝福，家人在此跪谢了。,1,grateful,感激,nlpcc2014,1,1
感恩祝福!,1,grateful,感激,nlpcc2014,1,1
王北车数据组:#致敬疫情前线医护人员# 致敬英雄们 愿你们平安健康 王北车:#致敬疫情前线医护人员# 英雄们，谢谢你们，你们辛苦了！希望所有人都能平安！[心],1,grateful,感激,smp2020,1,1
感谢主持人；摄影师及工作人员；当然还有公司带病工作de@Yoko_欢欢 辛苦了同志们！爱你们,1,grateful,感激,nlpcc2014,1,1
对昨晚玩明信片交换的朋友表示感谢，周末找个时间开始写了，放上完全版的预览图一张，虽然称不上是什么大作，但是都是用心去拍的照片，希望大家不要嫌弃。,1,grateful,感激,nlpcc2014,1,1
谢谢老太！,1,grateful,感激,nlpcc2014,1,1
"近期湾区温度骤降,早晚温度较冷,温差也是有些大,大家一定要注意保暖哦!马上感恩节就要到了,需要注意身体健康才能够开心度假呢!",1,grateful,感激,smp2020,0,2
这次真的要多谢姐姐，让我暂时没有了后顾之忧。,1,grateful,感激,smp2020,1,1
谢谢你们的爱。,1,grateful,感激,nlpcc2014,1,1
谢谢你们陪我过生日，我终于18岁啦！！希望所有爱我的人都能够身体健康平平安安开开心心顺顺利利，希望新的一岁自己可以保持心存善念坚持所喜欢的事情，谢谢大家,1,grateful,感激,smp2020,1,1
埃米尔真的长大了，不但听得懂话而且会表达很多了，也会主动和漂亮姐姐搭话，见人不认生一熟悉就更活跃，现在会说“谢谢姐姐”、“谢谢爷爷”这些简单的四个字，会倒着走路、会踢球、会自己吃饭，妈妈的好宝宝你总给我惊喜，不过最近总生病妈妈真的要好好反省自己,1,grateful,感激,smp2020,0,0
早安早上起来就看到这妹纸给我发的，大家都帮帮忙吧～需要你们的帮助女神当然要把这正能量传下去谢谢大家,1,grateful,感激,smp2020,1,1
陶陶、谢谢你一直都这么帮我、,1,grateful,感激,nlpcc2014,1,1
#SkydiveWanaka#终于完成15000英尺的一跳✔️本来以为会害怕，结果自己居然全程淡定，想试的小伙伴一定不要犹豫，还没有坐海盗船可怕。除了自由落体时耳朵有些疼之外没有其他反应，此时太感谢潜水时跟Abi学的去除耳痛、耳鸣法，一秒在空中帮自己轻松搞定[调皮]。我觉得我会再跳的[调皮]～,1,grateful,感激,smp2020,1,0
注意安全@尤长靖studio:#尤长靖[超话]# 疫情前线的医务工作者们辛苦了！尤老师@尤长靖 和大家都要注意做好个人防护，出门记得戴好口罩。[心] 尤长靖:我顺利到家了 各位出行一定要做好防护措施 感谢所有奔赴在前线的医护工作者们辛苦了！你们就是这个时代最值得敬佩的英雄！ 祝一切健康平安??,1,grateful,感激,smp2020,1,-1
谢谢先生,1,grateful,感激,nlpcc2014,1,1
下午去办护照，希望他们把本老板拍的帅气一点，关键的是要替我妈买热水器和洗衣机。。。花我的钱。。简直心疼。。。好几千啊。。又这么没了,2,sad,悲伤,smp2020,2,2
我发现自己真是闲的，给自己找不痛快，添堵,2,sad,悲伤,smp2020,3,3
预告一张。刮着凉风的冬天的天台用发烧彻底击垮了我的装逼技能。,2,sad,悲伤,smp2020,2,2
始终始终无法解开，，这一次，彻彻底底的错了。有没有不会如此不安的一天。。。。好疲惫,2,sad,悲伤,smp2020,2,2
我累了，我想唱自己想唱的歌，现在每天起来都是面对着一堆别人想让我唱的歌，接的时候不会拒绝，录的时候各种心累，辛苦了半天录出来的东西又被各种嫌弃，真的好累，我想休息了,2,sad,悲伤,smp2020,2,2
玫瑰说；不是所有的花都代表爱情。钻石说。不是所有的钻石都代表永恒……,2,sad,悲伤,smp2020,0,2
早上就没来得及吃饭现在饿得要死，然后又看到这些肉,2,sad,悲伤,smp2020,2,2
看到爸爸那里就哭了一场 可是眼泪有什么用啊 到底有没有人救人啊 操 15号羊:救命啊[泪][悲伤],2,sad,悲伤,smp2020,4,2
骗过全世界骗不过的是自己想要得到什么云中雾,2,sad,悲伤,smp2020,0,2
有个博士大哥说，算命先生曾经说他二十岁结婚，二十三岁抱娃，但是现在快三十了还没女朋友，真是知识改变命运啊。。。,2,sad,悲伤,nlpcc2014,0,2
买东西剁手，拿快递剁腿，整个人都不好了,2,sad,悲伤,smp2020,2,2
心疼自己心疼小章心疼所有官微狗,2,sad,悲伤,smp2020,2,2
最爱多彩贵州风:看着喜欢可是不敢败了！,2,sad,悲伤,nlpcc2014,0,4
总有一天你的棱角会被世界磨平你会拔掉身上的刺你会学着对讨厌的人微笑你会变成一个不动声色的人。,2,sad,悲伤,smp2020,0,2
觉得自己很累，又睡不着😭，为什么会这样呢，，我有什么说不出的心事吗不知道，我不懂，不。。。。。,2,sad,悲伤,smp2020,2,5
今天得知我的大闺蜜海峰姐从楼梯上摔下来了，心里瞬间纠了起来，碰了胳膊和头，胳膊也抬不起来了，好心疼，我没在她身边，想帮她做做饭照顾照顾他都够不着,2,sad,悲伤,smp2020,2,2
在阜阳做项目唯一坏处就是晚饭全是馍…,2,sad,悲伤,smp2020,2,2
害怕过节，心酸的并不是因为找不到人陪，而是没有一些主动需要你陪的对象。所以有人说我们对年龄的恐惧，其实并不在于年龄增长所带来的苍老；而是恐惧随着年龄的增长，我们仍然一无所得。某些人到了某个阶段就特别想要|广州·南天...,2,sad,悲伤,smp2020,4,4
要是晚点遇见你就好了、不联系了、,2,sad,悲伤,nlpcc2014,2,2
洛阳亲友如相问，我连对象都没有！,2,sad,悲伤,nlpcc2014,2,2
今晚我很受伤，因为最终@刀郎 没有联系我，我也没能够参加他今晚五棵松的北京演唱会。,2,sad,悲伤,nlpcc2014,2,2
电影#真实魔鬼游戏#谁看了。我完全没看懂讲了个什么。就这个特林德尔·玲奈演员不错,2,sad,悲伤,smp2020,2,2
“后来我才明白很多事情说再多都没有用就像你拿着一杯热水虽然很渴但觉得烫手还是会放下”,2,sad,悲伤,smp2020,2,2
我住的城市下雨了，你问我有没有带伞，我说带了，你安心的睡觉，剩我一个人在街边面无表情，然后孤独地奔跑,2,sad,悲伤,smp2020,2,2
进来好多事情都不顺利。发生的一切都让自己难以入睡。事情不是做多了就好，当好人当久了就是好。反而做多了费力不讨好，太善良了就是傻逼。,2,sad,悲伤,smp2020,2,3
想来一份热热的金鼎轩榴莲酥安抚我内心的难过十一月有人在感动有人在幸福有人在烦躁而我只想吃一个榴莲酥,2,sad,悲伤,smp2020,2,2
今天来的飞机上就晕菜了，人生头一遭。,2,sad,悲伤,nlpcc2014,2,2
#武汉封城后的市民生活# 对啊！！医护人员上下班怎么办[失望][失望][失望]她们不是机器，高强度的工作后也需要好好休息啊 nfgsw:医护人员和患者怎么出行 要有预案,2,sad,悲伤,smp2020,4,4
我不能像以前一样有点不开心就去找你叽歪。我没办法去兼顾所有人的感受。在其位谋其职。,2,sad,悲伤,smp2020,2,3
心情好难过，真的好难过，真的好想把这些事当没有发生过，没有出现在我的生命里，还是以前那个天天开开心心的我，快点让我把这些伤心难过的事忘了吧。,2,sad,悲伤,smp2020,2,2
双十一过后最艰难的不止是吃土还有等快递啊好煎熬,2,sad,悲伤,smp2020,2,2
买好明天纳尼亚电影票和山崎三明治到地铁，电话小顾同学七次都是来电提醒。,2,sad,悲伤,nlpcc2014,5,5
任凭思绪在梦，苦，幽，痛的浪峰里跌落与升腾……,2,sad,悲伤,nlpcc2014,2,2
他眼角有泪。,2,sad,悲伤,nlpcc2014,2,2
上学好辛苦上完上午还有一下午玛德晚上还有三节自习在学校哪里满满都是人每天都是作业永远做不完的试卷在宿舍宿管不是黑户就嚷的还天天乱扣分班主任知道了还找事还白愣的让人害怕教室里还都是虫子天天咬的都是疙瘩班里还有黑社会让人提心吊胆的……即使这样我的体重还再不断上涨[眼泪]大写的生无可恋[口罩],2,sad,悲伤,smp2020,2,-1
以为自己会一点点的忘记，可是从别人口中知道你的消息的时候，还是忍不住的心伤，不知道是舍不得还是不甘心。,2,sad,悲伤,nlpcc2014,2,2
我老板好像又要结婚了。有的人结婚离婚再结婚离婚像玩一样。有的人却还是条单身狗，踢个球都能闪到腰,2,sad,悲伤,smp2020,2,2
接了一个外教的电话，接电话前一直紧张😰，接了电话发现，口语真是烂到爆,2,sad,悲伤,smp2020,2,5
晚上滑着冰横穿了东校区，头被风吹的疼，睡不着了😞😞😞,2,sad,悲伤,smp2020,2,2
失眠是件可怕的事情。安安静静可好。,2,sad,悲伤,smp2020,4,4
今晚要出席一個少年人的喪禮。為那對父田感到很難過。可以說甚麼呢?安逸富庶的社會，無法鍛鍊出剛強的心!輕視生命，傷透愛自己的人!,2,sad,悲伤,smp2020,2,2
翻看旧时的照片附加现在的两者一对比，哎呦真是感慨万千啊，岁月不饶人呢,2,sad,悲伤,smp2020,2,2
再好的缘分也经不起敷衍，再深的感情也需要珍惜眼前。歌可以单曲循环，人不能错过再现；情可以平平淡淡，心不能视而不见。,2,sad,悲伤,smp2020,0,2
单位这里网络实在是太不给力了，蹭网也时断时续，太悲催了,2,sad,悲伤,smp2020,2,2
为什么我永远是在感觉自己的不对自己的不好。是我真的融入不到这样的境况当中。当你遇到志不同而相谋的朋友时真的好痛苦。可是别无选择🕙🕙🕙🍺🍺🍺🍺🍺,2,sad,悲伤,smp2020,2,2
"这句熟悉的留言是母亲找到女儿的唯一方式,一句话就能摆渡一颗柔软的心.",2,sad,悲伤,nlpcc2014,0,2
为什么好朋友越来越少，不管是个人因素还是外界环境，真想可以像以前那样，做个无话不说的好朋友，不在意性别,2,sad,悲伤,smp2020,2,2
累了，我的正能量真的不够了，鸭梨真的太大,2,sad,悲伤,smp2020,2,2
就一百块充话费！(ಥ_ಥ)昨晚手残给舍友充错号了，给误充的那个人打电话不接发短信不回，好伤心,2,sad,悲伤,smp2020,2,2
一错毁所有，我已无脸见人了。心累，一点都不嗨森。。,2,sad,悲伤,smp2020,2,2
曾经，我的脸上一个痘痘都没有曾经，我还是一个每天只想着吃吃吃回家回家的逗比无语啦啦啦啦,2,sad,悲伤,smp2020,2,2
很想很想攒钱可是真的没有办法什么都想要花钱心好累,2,sad,悲伤,smp2020,2,2
还有另一个要修改的项目还木有搞完五分之一(………,2,sad,悲伤,nlpcc2014,5,5
谁的人生中没一个戒不掉的人，只不过不是每个人的人生都有那么点小幸运,2,sad,悲伤,smp2020,2,2
刚刚听到上水声，给气了？真不容易啊！今冬的暖气就没暖过，总在18度左右，说冷吧，人家给的气达标了，让你无语。但在屋里这衣服穿得层层叠叠的，也愣是把我冻感冒了，没的怪，只能怪自己的身体不争气。,2,sad,悲伤,smp2020,2,3
说实话这次就是前期不够重视啊，真没得洗。在惯性思维的作用下一出事就一个劲只想着瞒住，瞒得久了连普通民众都什么实话也不敢说，只知道拼命地发“相信你们，不信谣传谣”，也不敢表露出一丝一毫的质疑。结果实在瞒不住消息了，上面开始要求重视了，这才开始严密防控，但是这是公共防疫啊，耽误了最初的隔离工作对之后的影响是不可忽视的……十几年前在舆论封锁上吃的亏，现在可别再来一遍了。,2,sad,悲伤,smp2020,4,2
没有人真的在乎你在想什么，不要过高估量自己在他人心目中的地位。,2,sad,悲伤,smp2020,2,2
我们都明白，彼此都不会是最后谁的谁。,2,sad,悲伤,nlpcc2014,2,2
体力严重不支且有小小害怕的感觉，这要早几年那是一切刺激的游戏非我莫属的主啊！,2,sad,悲伤,nlpcc2014,4,4
一听培训就犯困，困到不能自已，刚刚睡着一秒好像被看见了，主讲人就匆匆说休息了。。。。。所以我知道自己不能继续读书啊,2,sad,悲伤,smp2020,2,2
贫穷，愚昧，自私，贪婪哎，说真的，前几十年的担惊受怕，穷苦挨饿都刻到骨子里去了转发微博,2,sad,悲伤,smp2020,2,2
我突然发现我的脸好大..Big！！！,2,sad,悲伤,smp2020,0,0
今天满满的五节课，我的眼泪、鼻涕满天飞,2,sad,悲伤,smp2020,2,2
此刻心情只有它能表达===😭😭😭😭😭😳😰😢😪😲😲😲😲😲😲😲👿👿👿👿👿⚡💔😭😭😭😠😠,2,sad,悲伤,smp2020,2,2
今夜到明天白天有点想你，预计下午将持续想你，受延长低情绪影响，傍晚将转为大到暴想，心情由此将降低五度，预计此类天气将持续到见到你为止……,2,sad,悲伤,nlpcc2014,2,2
事儿，一路走好，天堂没有病痛和伤害。,2,sad,悲伤,nlpcc2014,2,2
被骗了，还说是一只很神奇的大象自己学会画画的,2,sad,悲伤,smp2020,2,2
鼻子大，好哀愁……其实主要还是胖,2,sad,悲伤,smp2020,2,2
愿有更多好消息,2,sad,悲伤,smp2020,0,0
乌云压頂，准备暴雨一轮了，没带伞，等下谁来为我撑伞，我会很感谢的。[白云][白云][白云][可怜][可怜][可怜],2,sad,悲伤,smp2020,1,1
结局就是，事态变化得和我预料的不一样了……以为自己会很开心，却好像心情更沉重了……真是别扭的性格吖,2,sad,悲伤,smp2020,2,2
据说数羊有助于睡眠，白天挺乐观，晚上怎么就睡不着了呢？什么时候可以变成鱼，那样就不会生气了～～～,2,sad,悲伤,smp2020,2,5
我拿着最低的工资，做着最低的职位！,2,sad,悲伤,nlpcc2014,2,2
今日进度 连续一段时间熬夜过度 貌似有点扛不住了 还没到12点就没战力 唉 ·····,2,sad,悲伤,nlpcc2014,2,5
你失去了这样一个人，会失落吗？,2,sad,悲伤,nlpcc2014,2,2
李丽把饭端到床边，我坐着都是晕的，于是趴在桌上吃了个一点又倒床上想睡了😷明天想请假，理由是怕感冒传染给新生儿,2,sad,悲伤,smp2020,4,4
买买买，买个毛线哪！穷得叮当响了,2,sad,悲伤,smp2020,3,3
好吧今天没lou住跟x哥哥发脾气了其实也没什么大事儿就是回信息回的慢了。。但是白天他忙几个小时回一条就算了晚上一般也只有半个小时陪我还好几分钟回一条没几条就困了睡觉了。。感觉我自己也好可怜der。。说着说着悲从中来还留下了伤心的泪水不过我猜他也不会改。。,2,sad,悲伤,smp2020,2,2
好久没看股票了，今天一看好难过，亏了的那些在我没注意的时候都涨回来了,2,sad,悲伤,smp2020,2,2
累死累死，连着监考两场。第二场还没凳子,2,sad,悲伤,smp2020,2,2
反省：大学四年浪费时间荒芜了生命。不管是西语，摄影，国画，素描做人等没有一样是学明白的，更别说精益求精。几年的光阴就这样没了。啥啥啥都没做成，还把自己的身体健康整差了,2,sad,悲伤,smp2020,2,2
为什么一到晚上就失眠。。。想睡个好觉都辣么困难吗？,2,sad,悲伤,smp2020,2,5
“我连自己是什么人都还没看清，为什么要匆匆忙忙谈个恋爱祸害别人呢？说白了就是我喜欢的人看不上我，喜欢我的我也看不上，人都是这样吧，永远都是得不到的才是最好的吧。”嗯，就这样吧。,2,sad,悲伤,smp2020,2,2
对于一个话唠来说，不能说话太痛苦了......,2,sad,悲伤,nlpcc2014,2,2
居然心塞到今天，我是不是太无聊了。,2,sad,悲伤,smp2020,2,2
打球的时候眼镜掉了我只想换一副眼镜,2,sad,悲伤,smp2020,2,2
突然就有一种想要逃离这里，忘记一切的冲动，若一切能够重头该多好,2,sad,悲伤,smp2020,2,2
跌跌撞撞磕磕碰碰這兒疼那兒酸渾身是傷尼瑪崩潰想哭....,2,sad,悲伤,smp2020,2,2
所有的分手都是因为没有爱到为对方妥协的地步，归根结底还是不够爱,2,sad,悲伤,smp2020,2,2
我家BABY居然不爱我了，也不和我玩了，是因为我身上有了巨汪的味道吗？,2,sad,悲伤,smp2020,2,2
既然他有心要瞒你：你又何必去拆穿。——李宫俊,2,sad,悲伤,smp2020,0,3
深夜，在空旷无人的街道上等的士，被冷风吹得瑟瑟发抖，担惊受怕地在路边等待，突然就心死了。,2,sad,悲伤,smp2020,4,4
知道真相的我眼泪都快出来了！长得真丑,2,sad,悲伤,smp2020,2,2
我就想崩溃，就不想好好过了。崩溃才是奢侈品,2,sad,悲伤,smp2020,2,3
现在只有看艺兴能安慰一下我受伤的心灵了,2,sad,悲伤,smp2020,2,2
生病就好想回家然而并不敢给爸妈讲,2,sad,悲伤,smp2020,2,5
心太软的人快乐是不容易的，别人伤害她或她伤害别人都让她在心里病一场,2,sad,悲伤,smp2020,2,2
流量不清还不如清了呢，分分钟跑那么多，真心不够用。,2,sad,悲伤,smp2020,3,3
海淀外国语面试小游，勾起了很多10年暑假的回忆！依然辣么美，可惜不是你,2,sad,悲伤,smp2020,0,2
可以做朋友吗是一段故事的开始还可以做朋友吗是一段故事的结束,2,sad,悲伤,smp2020,0,0
"破皮鞋的用处可真多:可以制作药囊,高蛋白的皮革奶.",3,angry,愤怒,nlpcc2014,0,0
仅以此诗献给做梦都想走红的网络诗人猪胱病先生。,3,angry,愤怒,nlpcc2014,0,0
"又来!!!拜托!!恶心到可以吐!出去讲啦。。又不努力念书,还说努力念书的人不好!无聊,第一次听到这样的歪理!别以为我稀罕跟你住!!滚!!",3,angry,愤怒,smp2020,3,3
我非常不喜欢这种合同，这个合同基本上是一个不能适用的合同。,3,angry,愤怒,nlpcc2014,3,3
总有一些人，把你气的要死你却不能把他怎么样,3,angry,愤怒,smp2020,3,3
对于这个评论我真的respect了哈哈哈哈哈 凯拉喜欢小动物:野味吃完生不出儿子肺炎,3,angry,愤怒,smp2020,0,3
爪机也快停电了更苦逼有木有有木有！！！,3,angry,愤怒,nlpcc2014,2,2
每次都这么逗我有意思吗？真不是我的我就不要了，既然给我了，能不能别再拿回去啊,3,angry,愤怒,smp2020,3,3
简直就是一派胡言！！！,3,angry,愤怒,nlpcc2014,3,3
你今天绝对哔了??！！绝对是哔了??！！哔了??！！！！??都不要你哔它！！！,3,angry,愤怒,smp2020,3,3
今天整个内心都是崩溃的，准备了几个月的东西结果是无显著性差异老子不毕业啦！！！,3,angry,愤怒,smp2020,2,3
如果谁再传医务人员的谣言，建议拘留 共青团中央:不信谣，不传谣！[话筒]#青少年网络素养课堂#,3,angry,愤怒,smp2020,3,3
某人看着我习惯的拔着白头发，非要帮忙给拔，边拔边说：“你知道你白头发为什么多吗？”我答：“为什么？”，“因为你肝火太旺”，我说：“你知道你为什么秃发吗？”，“为什么？”，我：“因为你嘴太欠！”,3,angry,愤怒,smp2020,3,3
才判11年！怎么不去死？强奸了判几年又出来，呵呵……万一中途表现良好，又减刑了，呵呵出来又强奸么？！！,3,angry,愤怒,smp2020,3,3
我知道的是，那些人立功心切，当然还有利益,3,angry,愤怒,nlpcc2014,3,3
[哼] 那些部门能赚钱，你以为他们不知道，在当时TCE RATIO需要达标的时刻，像资产管理和经纪业务这些既非银行核心业务部门，又能卖得出价钱的业务，正好换钱充实资本率。,3,angry,愤怒,nlpcc2014,3,3
这一大早的！！！都特么快三十了还跟我说人家孩子人家孩子人家孩子！！！！,3,angry,愤怒,smp2020,3,3
我真的受不了那样的工作态度你一点点的疏忽与不负责任，给他人造成多少麻烦呢？,3,angry,愤怒,smp2020,3,3
今天又是搞到1点半才下班，中饭都没地方吃，有天理吗？？,3,angry,愤怒,smp2020,3,3
开了好多窗口，不知道是哪个窗口一直在唱歌，又不能全都关掉，又要听别的东西，怎么破。。。到底是哪个东西没关掉,3,angry,愤怒,smp2020,2,2
你們不會發設計圖的那顏色出來的嗎?,3,angry,愤怒,nlpcc2014,3,3
走神的时候脑子里在打麻将这是什么鬼！！！,3,angry,愤怒,smp2020,3,3
都大四了还死乞白赖地让上课，做题！我服了你了！,3,angry,愤怒,smp2020,3,3
北上广真心看不下去了越看越气。那个于总简直了…,3,angry,愤怒,smp2020,3,3
Calmdown！Calmdown！再坚持坚持，坚持坚持！没别的要求，劳资只想每天12点之前睡觉,3,angry,愤怒,smp2020,2,5
嘿日他姐气一回……每次这个点看手机都是11:11，妹的,3,angry,愤怒,smp2020,3,3
能想象和上学期经济法一样嘛，音乐鉴赏也是点了三次三次都被点了，重点是基本都去了，心中一万个草泥马崩腾而过,3,angry,愤怒,smp2020,3,3
我确实没有弄明白这群发烧友长枪短炮的在拍什么？难道是一群疯子,3,angry,愤怒,smp2020,3,3
千万要相信病从口入这句话。你吃进去的东西看似光鲜，实则恶心；——《食品公司》,3,angry,愤怒,smp2020,0,2
我以为我不会生气，可是看到后还是很生气,3,angry,愤怒,smp2020,3,3
腊腊要当畜牧业养殖大户: L冰淇麟教教:动物没疯，卖得人和买的人疯了[微笑],3,angry,愤怒,smp2020,0,0
明显有发烧症状的人逃啥啊逃，逃到外地就自愈了就不用治疗了？在武汉去医院还能把你烧了活埋了？有点数没有,3,angry,愤怒,smp2020,4,3
有些cp还意淫得恶心，烦透了…,3,angry,愤怒,nlpcc2014,3,3
看到这种BT的要求，尼玛，真滴是欲哭无泪，好想去变个性！😭😭😭,3,angry,愤怒,smp2020,3,3
水游城负二楼这家日料真是弱爆了[鄙视]，口味也太特么不高级了！[s][u][c][k][s][叹号],3,angry,愤怒,nlpcc2014,3,3
李晟敏你的傻逼图快把我HHP和萌点戳爆戳烂了啊亲！！！！,3,angry,愤怒,nlpcc2014,3,3
这TM那是冬天，明明就是三伏天么，太热了,3,angry,愤怒,smp2020,3,3
请问洒水车是洒人还是地？今天是不宜出门么？连人带车洒了一身泥点，是不是应该考虑在大家已经上班的时间洒？@天天看余杭发生在塘宁路上的惨案,3,angry,愤怒,smp2020,3,3
微博被盗，我已经有半年没上过了，怎么天天刷存在感了？莫名其妙，,3,angry,愤怒,smp2020,2,2
雨下的都要停不下来了太讨厌了能不能让我晒个衣服！！,3,angry,愤怒,smp2020,3,3
有些人呵，就是把不要脸当理说。声称不是我们起诉，你们哪儿来的钱。我呸！,3,angry,愤怒,smp2020,3,3
唐缺_九州:这种时候效率就体现出来了…… 李天飞大话西游:这速度比应对疫情快多了……,3,angry,愤怒,smp2020,0,0
官帽子第1?? 保卫萨拉热窝_60240:武汉市长必须要撤职，让有能力的人尽快去，控制不力，工作不扎实，处理不及时。,3,angry,愤怒,smp2020,3,3
干嘛还不去办手续？,3,angry,愤怒,nlpcc2014,3,3
老板简直就是傻逼真是忍不住一颗想特么打死他的心,3,angry,愤怒,smp2020,3,3
上个大学真的是什么人都炸出来了,3,angry,愤怒,smp2020,3,3
你妹妹的，呆马马儿，靠😡😡😡😡😡😡😡😡😡宿舍一仙葩,3,angry,愤怒,smp2020,3,3
宽带上不了网打了联通客服半个小时电话就是不肯帮我改密码，非得要我用移动电信的号码打10010改密码，气炸了,3,angry,愤怒,smp2020,3,3
用自我设限的方式禁止公车私用，等于拔自己的脑袋离开地球！,3,angry,愤怒,nlpcc2014,3,3
傻逼东西,3,angry,愤怒,smp2020,3,3
您他妈23号了赶着过来杀人[good],3,angry,愤怒,smp2020,3,3
另外千千万别说这种人是朋友，顶多玩偶加小丑…,3,angry,愤怒,nlpcc2014,3,3
我能说我有些火吗？！“不怕遇到狼的队友，只怕遇到猪的队友！”我知道难听，但这不是智商问题，是细心问题！他这不认真搞定，看似做完了，但打开看，让我要继续加班两个小时不同的元件不分组相同元件不在一个组模型有高有低，相同的模型也高低不同…好几百模型，今晚整死我吧,3,angry,愤怒,smp2020,3,-1
遇到最奇葩的外卖送，来了不给打电话，说自己电话费贵😳我认识你吗，请问，你也不骑快递车也不打电话，我知道哪个是你？还是你认识我，我脸上写着订外卖呢？那你倒是把外卖给我呀，你不打电话我能知道哪个是送外卖的还怪我咯，以后订外卖，我都举个牌子，写上，我订的外卖？,3,angry,愤怒,smp2020,3,3
今天心情特别的糟糕，特别的烦乱,3,angry,愤怒,smp2020,2,2
一个人…偶尔犯错并不可耻，可耻的是，明知有错却一错再错。包侍朗醒世恒言,3,angry,愤怒,smp2020,3,3
丹一顾:还在说官话！ 赵鹏飞:请蒋超良书记先把湖北各大医院医疗防护装备急缺的问题解决了吧。,3,angry,愤怒,smp2020,3,3
那个不知道名字的所谓的韩国的神马组合也弄太久了吧。。。[怒][怒][怒],3,angry,愤怒,nlpcc2014,3,3
人贱，人贱，人贱，都无话可说，,3,angry,愤怒,smp2020,3,2
NND人还没醒就迟了个老到大长沙能不能不下雨能不能不堵车,3,angry,愤怒,smp2020,3,3
世界这么大，一定不止只有你这样的人！同你一个宿舍，是我造孽了！??,3,angry,愤怒,smp2020,2,2
龙虎斗阿布拉莫维奇 :丧良心啊,3,angry,愤怒,nlpcc2014,3,3
早上起床出寝室门就被泼了一头热水倒霉霉霉霉霉,3,angry,愤怒,smp2020,3,3
我掉粉了！！歪日他day！！！,3,angry,愤怒,smp2020,2,2
坑爹啊，昨天下午北京时间5点半在华盛顿起床赶飞机，在首都机场转今天下午5点55飞机，现在通知飞机还在长沙，又困又累又饥！[泪],3,angry,愤怒,nlpcc2014,2,2
实在无聊忍不住吐槽一下我发现有些人认为别人是不是不说话没发表意见就是被认为好欺负的那种吗买东西也不懂得先来后到后来的还有理了你等了很久比你先来的等了更久好吗！要不是看在你抱着一个小孩子劳资让你先买都有鬼,3,angry,愤怒,smp2020,3,3
老子用6S怎么了，关你家毛事啊，有本事你用啊，别在一边瞎BB，国家能扶贫你一辈子？难道你一辈子就等别人施舍？最瞧不起的就是那种为了蝇头小利动不动就撕逼的人，MLGB,3,angry,愤怒,smp2020,3,3
开特么半天会，看天色以为4点半了呢！暗爽！！！结果回来一看！尼玛！！！,3,angry,愤怒,smp2020,3,3
海岸城的家乐福太过份了，元旦时买300送60优惠卷（10天后可用），今天去消费优惠券，发现已经是买200送100了。,3,angry,愤怒,nlpcc2014,3,3
或者我可以给你介绍律师，不要再用我的名义去麻烦我在乎的人,3,angry,愤怒,smp2020,3,3
社会主义国家应该发挥自己独特的优越性，深入到人民生活的方方面面，对精神垃圾进行残酷的、彻底的清除，毫无留情。,3,angry,愤怒,nlpcc2014,3,3
我靠，贵阳的破交通。,3,angry,愤怒,nlpcc2014,3,3
感觉分分钟就要失业的节奏，伐开心,3,angry,愤怒,smp2020,2,5
你们太过分！！！个个都在炫瘦！！！不行！我也要发个圈,3,angry,愤怒,smp2020,3,3
大爷的，每年生日就没有过的很开心，每年都过的那么窝心，,3,angry,愤怒,smp2020,0,0
太诡异了，我渴望上《走近科学》这个节目。,3,angry,愤怒,nlpcc2014,4,4
简直冷到骨子里好嘛！然而学校老师连暖宝宝汤婆子不准我们带，全靠抖腿或者把手压屁股下面度过的，终于等到放学，结果家里更冷,3,angry,愤怒,smp2020,2,2
今天为什么听到，看到，做了那么多不愉快的事情当很多不好的事情都聚集在一起突然变的释然了，gofaraway能滚多远滚多远,3,angry,愤怒,smp2020,3,3
骗子如何有工作牌在行李大厅里明目张胆行骗？,3,angry,愤怒,nlpcc2014,3,3
[懒得理你]配这么恶心的图 实在是不想回应你，又怕伤着狮子座的心。,3,angry,愤怒,nlpcc2014,2,2
你个败家老娘们儿，叨叨叨没完了这么多年车长！没挨过嘴巴子吗？烦躁！烦躁,3,angry,愤怒,smp2020,3,3
你说你那么多漂亮衣服，干嘛非穿这个!!!,3,angry,愤怒,nlpcc2014,3,3
畜生，一个个都他妈的不是东西。。。,3,angry,愤怒,smp2020,3,3
指着电视上一个脸很大的女的问「我和她的脸谁比较大？？」家人竟然都沉默。。。然后才回答我：不知道。。。。。。。。。。。。。。。。。。。。。。。。。。。。。。。。妈蛋太伤人啦,3,angry,愤怒,smp2020,3,3
我为什么如此不堪：如果有个美国人跟我一样智商且学习时间一样，他一定比我厉害，因为我学习时间30%在学人家的母语，15%在学狗屁政治，15%在学伪历史成年后删掉重学。,3,angry,愤怒,nlpcc2014,3,3
十九天，胆子肥了，你完蛋了，你敢咬我，你给我小心一点点,3,angry,愤怒,smp2020,4,3
每天的消极情绪要爆炸了一样，谁在我身边我都能嘣谁一脸血的那种，WCNMDNMLGB我就是爆个粗口，,3,angry,愤怒,smp2020,3,3
农民伯伯辛辛苦苦种的菜，竟然被食堂的阿姨煮的那么难吃,3,angry,愤怒,smp2020,3,3
和狒狒在甜品店，周围都是一堆一堆的女人在八卦，声音很响。,3,angry,愤怒,nlpcc2014,3,2
全国的医生往武汉跑 武汉的病人往全国跑 有些人蠢的我都替他们心痛 要把这么多无辜的人牵扯进来 一个没脑子 一群人没脑子 要是武汉政府不瞒报 及时通报出来 及时做好措施 一下也不会搞得这么人心惶惶 麻烦那些还在四处跑的人长点心吧 还有那些瞒报自己病情不跟医生护士说的 我都替他们感到不值,3,angry,愤怒,smp2020,4,4
评委也挺白痴的，一个选美大赛，还叫做赛出了风格赛出了水平，什么年代了不觉得这个话恶心吗！,3,angry,愤怒,nlpcc2014,3,3
南京的雨天开启尿不禁模式！衣服只能这样干,3,angry,愤怒,smp2020,2,2
迎着风打了五个喷嚏32路是停运了吗,3,angry,愤怒,smp2020,4,2
河南邓州新西居委会主任兼党支书杨静杰，在职期间为非作歹，被捕判处缓刑后，仍占据职位6年之久，基层多次反映上级均不了了之。,3,angry,愤怒,nlpcc2014,3,3
TMD以前老子对你还有点奢望，现在十万个操尼玛都平复不了我对你的奢望,3,angry,愤怒,smp2020,3,3
刷了半天也没人找我玩你们这群狗崽子去死吧,3,angry,愤怒,smp2020,3,3
物价上涨压力加大，部分城市房价涨幅过高（涨价太猛，吃不消也）。,3,angry,愤怒,nlpcc2014,4,4
老姐把每天约会的黄金时间奉献给你补英语，你再给我考不及格我要,3,angry,愤怒,smp2020,3,3
你tm爱戴不戴 woc,3,angry,愤怒,smp2020,3,3
你们完全可以将枪口朝向朝廷！,3,angry,愤怒,nlpcc2014,3,3
