text,label,label_cn,pred,pred_cn,reason,raw,support,hallucination,reason_len
分享照骗背着妈妈跑去把头发染了剪了刘海一下子回到读书时代不化妆五官也立体了和洁宝宝第一次合照…没有特别满意但是也不会不喜欢，感觉心境又慢慢成熟了？嘻嘻哈哈…最近心情美美哒…简单生活知足幸福…有人爱，有事做，有所期待晚安…,0,开心,0,开心,分享照骗经历并说心情美美哒，流露满足喜悦,"{""emotion"": ""开心"", ""reason"": ""分享照骗经历并说心情美美哒，流露满足喜悦""}",是,否,20
一周年纪念日爱你。今天要怎么过才有意义呢！长长久久永不分离，我们不真吵架谁也不能分开我们,0,开心,0,开心,用爱和誓言表达对一年之约的珍惜与甜蜜,"{""emotion"": ""开心"", ""reason"": ""用爱和誓言表达对一年之约的珍惜与甜蜜""}",是,否,18
no3，湖北省珠宝协会理事单位盘龙品玉斋总经理宁静女士真诚奉献数十年选搭翡翠经典技巧！翡翠买真，已是人们达成一致的共识，那么最怕就是钱花了却买到假货，次货，或者被宰，在鱼龙混杂的翡翠市场，人们很难信任初次接触的商家，或者第一次买上当后总会心有余悸，在此奉上技术含金量最高的诚恳建议！,0,开心,0,开心,真诚奉献数十年并提出诚恳建议，体现积极向上,"{""emotion"": ""开心"", ""reason"": ""真诚奉献数十年并提出诚恳建议，体现积极向上""}",否,否,21
昨晚十一点去了簋街吃夜宵 此地果然名不虚传 延绵两公里 道路两边灯火辉煌 川菜火锅烧烤应有尽有 比上海任何一个夜市都要热闹很多 绝对是吃夜宵喝啤酒的不二选择,0,开心,0,开心,赞叹美食繁华热闹，称绝对首选,"{""emotion"": ""开心"", ""reason"": ""赞叹美食繁华热闹，称绝对首选""}",是,否,14
他们真好，我今天终于向我暗恋很久的人告白了。不管结果如何，我都接受。,0,开心,0,开心,说他们真好并表白，表达满足与喜悦,"{""emotion"": ""开心"", ""reason"": ""说他们真好并表白，表达满足与喜悦""}",否,是,16
我禁不住的鼓鼓掌[鼓掌] [鼓掌] [鼓掌] [鼓掌] [鼓掌] [鼓掌] [鼓掌],0,开心,0,开心,连用多个鼓掌表情并说禁不住鼓掌，显兴奋,"{""emotion"": ""开心"", ""reason"": ""连用多个鼓掌表情并说禁不住鼓掌，显兴奋""}",是,否,19
TFBOYS-王俊凯:#致敬疫情前线医护人员# 向战斗在一线的医护工作者们致敬，大家都要保护好自己，愿平安健康 TFBOYS组合:#致敬疫情前线医护人员# 致敬伟大的医护人员们，你们辛苦了！愿大家都能平安健康[心][心][心],0,开心,0,开心,用致敬和祝愿表达对医护人员的敬意与美好祝愿,"{""emotion"": ""开心"", ""reason"": ""用致敬和祝愿表达对医护人员的敬意与美好祝愿""}",否,否,21
丁香医生:好消息！,0,开心,0,开心,用好消息一词直接表达对丁香医生消息的欣喜,"{""emotion"": ""开心"", ""reason"": ""用好消息一词直接表达对丁香医生消息的欣喜""}",是,否,20
黄建平J:当时我在北京上大学，经历了这段历史，当时的媒体自由度和透明度比现在高多了，视频中记者的尖锐问题，现在恐怕没有人敢问，王歧山书记非常厉害，思路清晰，坦诚，接地气。,0,开心,0,开心,称赞王歧山思路清晰坦诚接地气，语气积极肯定,"{""emotion"": ""开心"", ""reason"": ""称赞王歧山思路清晰坦诚接地气，语气积极肯定""}",否,否,21
晚饭小苏请的，吃人嘴短，苏醒新专辑，在制作，创作，唱功上都进步很大。,0,开心,0,开心,称赞苏醒新专辑制作进步很大，语气积极,"{""emotion"": ""开心"", ""reason"": ""称赞苏醒新专辑制作进步很大，语气积极""}",否,否,18
还是华为够可以的，也被华为的荣耀4A吸引了啊！,0,开心,0,开心,说华为够可以并被吸引，流露喜爱与满足,"{""emotion"": ""开心"", ""reason"": ""说华为够可以并被吸引，流露喜爱与满足""}",是,否,18
[good][good],0,开心,0,开心,连续两个笑脸表情直接表达积极愉悦的心情,"{""emotion"": ""开心"", ""reason"": ""连续两个笑脸表情直接表达积极愉悦的心情""}",是,否,19
#来抄河南的作业##河南硬核##河南发布疫情预防短信##河南省长#第一次见到这么多关于河南的好热搜[给你小心心]希望大家都能平平安安[心] ??,0,开心,0,开心,用好热搜和爱心表情表达对河南的关心与祝福,"{""emotion"": ""开心"", ""reason"": ""用好热搜和爱心表情表达对河南的关心与祝福""}",是,否,20
毕业后的你两年后的你五年后的你十年后的你依然无所畏惧不害怕失败！一步一个脚印的稳稳的走好每一个自己的决定[加油][拳头][拳头][拳头],0,开心,0,开心,鼓励毕业后的自己无所畏惧并稳稳走好每一步,"{""emotion"": ""开心"", ""reason"": ""鼓励毕业后的自己无所畏惧并稳稳走好每一步""}",否,否,20
昨天丢了优盘，丢了手机卡，迷了路，下错车。。。好像一天把所有的坏运气都用上了。但今天的心情却无比灿烂,0,开心,0,开心,说心情无比灿烂，直接表达乐观喜悦,"{""emotion"": ""开心"", ""reason"": ""说心情无比灿烂，直接表达乐观喜悦""}",是,否,16
愛你們每一位[good][蛋糕][心][可爱],0,开心,0,开心,爱你们每一位并配爱心和可爱表情表达喜爱,"{""emotion"": ""开心"", ""reason"": ""爱你们每一位并配爱心和可爱表情表达喜爱""}",是,否,19
发张我超级喜欢的小萝莉：,0,开心,0,开心,用超级喜欢描述小萝莉，表达喜爱之情,"{""emotion"": ""开心"", ""reason"": ""用超级喜欢描述小萝莉，表达喜爱之情""}",是,否,17
我大件基本都京东买的！！爱了！,0,开心,0,开心,连用感叹号和爱了表达对京东购物的喜爱,"{""emotion"": ""开心"", ""reason"": ""连用感叹号和爱了表达对京东购物的喜爱""}",是,否,18
25岁前一夜，做了一个很可怕的噩梦，梦里的人们兜兜转转一圈绕回到了难过的原点。台北深夜，在晃动中进入25岁，梦想得靠自己努力，心愿愿世界和平。25岁，愿能温柔与世界拥抱。,0,开心,0,开心,表达对梦想和世界的美好祝愿，流露积极向上心态,"{""emotion"": ""开心"", ""reason"": ""表达对梦想和世界的美好祝愿，流露积极向上心态""}",否,否,22
大大的张开怀抱~抱走啦[嘻嘻],0,开心,0,开心,用大大的拥抱和嘻嘻表情表达喜爱与欢乐,"{""emotion"": ""开心"", ""reason"": ""用大大的拥抱和嘻嘻表情表达喜爱与欢乐""}",是,否,18
其实在居委会工作也挺好玩的。记邻居家一只翻滚的喵,0,开心,0,开心,说在居委会工作挺好玩，记下邻居猫翻滚,"{""emotion"": ""开心"", ""reason"": ""说在居委会工作挺好玩，记下邻居猫翻滚""}",是,否,18
希望我们可以攻克难关，心系武汉，众志成城！！！,0,开心,0,开心,呼吁攻克难关并众志成城，传递积极乐观,"{""emotion"": ""开心"", ""reason"": ""呼吁攻克难关并众志成城，传递积极乐观""}",是,否,18
#老徐看盘#征服畏惧、建立自信的最快最确实的方法，就是去做你害怕的事，直到你获得成功的经验。,0,开心,0,开心,引用征服畏惧建立自信的方法表达积极心态,"{""emotion"": ""开心"", ""reason"": ""引用征服畏惧建立自信的方法表达积极心态""}",是,否,19
致敬英雄[加油]保护好自己，加油[抱抱] 朱一龙工作室:#致敬疫情前线医护人员# 致敬英雄，保护好自己[心][心],0,开心,0,开心,致敬英雄并配加油表情和抱抱，传递温暖积极,"{""emotion"": ""开心"", ""reason"": ""致敬英雄并配加油表情和抱抱，传递温暖积极""}",是,否,20
深夜🌙🌙那是我盛夏中最蔚蓝的一夜～是啊～现在回忆起也很美好……明白心情为什么骤然低落……在你莫名其妙的感到烦躁的时候……诚实的听听内心的声音……这样就舒服多了……我开始这么做……,0,开心,0,开心,回忆最蔚蓝夜晚和舒服表达出愉悦心情,"{""emotion"": ""开心"", ""reason"": ""回忆最蔚蓝夜晚和舒服表达出愉悦心情""}",否,否,17
所以我兴致一起…,0,开心,0,开心,用省略号和“兴致一起”表达轻松愉快的心情,"{""emotion"": ""开心"", ""reason"": ""用省略号和“兴致一起”表达轻松愉快的心情""}",是,否,20
其实我很喜欢这种感觉😊，给你做饭，然后再等你回家一起吃,0,开心,0,开心,说很喜欢这种感觉并描述做饭共餐场景,"{""emotion"": ""开心"", ""reason"": ""说很喜欢这种感觉并描述做饭共餐场景""}",是,否,17
"[给力] [给力] 心动不如行动,换个发型,换个心情......[花心] [赞] [good]",0,开心,0,开心,连用给力和赞表情表达心动后的积极行动喜悦,"{""emotion"": ""开心"", ""reason"": ""连用给力和赞表情表达心动后的积极行动喜悦""}",是,否,20
你的彼得潘离开你有一点孤单回到我们的neverland回忆都还在我们彼此凝望微笑都还在,0,开心,0,开心,回忆与微笑都在，表达温暖愉悦,"{""emotion"": ""开心"", ""reason"": ""回忆与微笑都在，表达温暖愉悦""}",否,否,14
翻翻旧照片，梳理了一下过去被丢在一边未整理的回忆，感觉像看旧电影，舒心,0,开心,0,开心,梳理回忆像看旧电影，感到舒心,"{""emotion"": ""开心"", ""reason"": ""梳理回忆像看旧电影，感到舒心""}",是,否,14
[太开心][哈欠][ok]真心不错！刚吃完饭，碗还没洗呢，一定要赞一下！[睡],0,开心,0,开心,用真心不错和赞一下表达对碗没洗的满意,"{""emotion"": ""开心"", ""reason"": ""用真心不错和赞一下表达对碗没洗的满意""}",否,是,18
像母亲有时为她所分娩的亲爱生物而牺牲一样……我们就不应该爱惜自己、就应该准备为它的成功而捐弃我们的生命。应当去私心；以勤奋的精神为之奋斗到底，贡献没有够。也永远做不够。,0,开心,2,悲伤,劝人放弃自我奉献生命，流露对生命的悲凉与无奈,"{""emotion"": ""悲伤"", ""reason"": ""劝人放弃自我奉献生命，流露对生命的悲凉与无奈""}",是,否,22
就着虾仁面和橙子，感叹着25度的美好阳光，说一大堆胡言乱语，觉得在阳光里这么聊天和发呆打发时间真是件无比幸福的事情...,0,开心,0,开心,感叹美好阳光、聊天发呆打发时间是无比幸福,"{""emotion"": ""开心"", ""reason"": ""感叹美好阳光、聊天发呆打发时间是无比幸福""}",是,否,20
C菌有30M:都是平常人，他们不会刀枪不入，同样惧怕病毒，但是却披上“战衣”，走在前线，致敬！Never surrender！,0,开心,0,开心,致敬披战衣上前线的人并说永不放弃,"{""emotion"": ""开心"", ""reason"": ""致敬披战衣上前线的人并说永不放弃""}",否,否,16
10快男始终还是爱着 真心希望这群小孩每个都好~~~,0,开心,0,开心,真心希望这群小孩每个都好，流露温暖积极,"{""emotion"": ""开心"", ""reason"": ""真心希望这群小孩每个都好，流露温暖积极""}",是,否,19
武汉加油！！,0,开心,0,开心,用武汉加油表达对疫情的支持与积极乐观,"{""emotion"": ""开心"", ""reason"": ""用武汉加油表达对疫情的支持与积极乐观""}",是,否,18
所以，对于军团蚁，人类同样应该尊重它们的生命，因为它们亦是保持热带雨林原始平衡的重要一分子。,0,开心,0,开心,强调对生命和平衡重要性的尊重表达积极,"{""emotion"": ""开心"", ""reason"": ""强调对生命和平衡重要性的尊重表达积极""}",否,否,18
远在天涯的朋友：或许已是遥远得无法问候，但还是谢谢您曾经的结伴同行。,1,感激,1,感激,用“谢谢您曾经的结伴同行”表达对朋友的感谢,"{""emotion"": ""感激"", ""reason"": ""用“谢谢您曾经的结伴同行”表达对朋友的感谢""}",是,否,21
虽然丢三落四，粗心大意，但是还好没被人嫌弃，感谢同学朋友们的帮助，还有陈先生矢志不渝的支持,1,感激,1,感激,说幸好没被嫌弃，并感谢同学朋友和陈先生支持,"{""emotion"": ""感激"", ""reason"": ""说幸好没被嫌弃，并感谢同学朋友和陈先生支持""}",是,否,21
盼着放假回大山东，想到期末考啥也不会眼泪掉下来！,2,悲伤,2,悲伤,盼假期却担心期末考，想到就流泪,"{""emotion"": ""悲伤"", ""reason"": ""盼假期却担心期末考，想到就流泪""}",是,否,15
咪咪大，咪咪大，还是咪咪大…提前进入寒冬…,2,悲伤,2,悲伤,反复说咪咪大并提前进入寒冬，透出伤感,"{""emotion"": ""悲伤"", ""reason"": ""反复说咪咪大并提前进入寒冬，透出伤感""}",是,否,18
刮风这天我试过握着你手但偏偏雨渐渐大到我看你不见,2,悲伤,2,悲伤,描述下雨看人不见，流露失落伤感,"{""emotion"": ""悲伤"", ""reason"": ""描述下雨看人不见，流露失落伤感""}",是,否,15
我记得我原来天天也吃可多了但是也没胖啊,2,悲伤,0,开心,回忆过去饮食多却没胖，语气轻松带得意,"{""emotion"": ""开心"", ""reason"": ""回忆过去饮食多却没胖，语气轻松带得意""}",是,否,18
想和朋友进行学生时代最后的毕业旅行可是没有资金！求打赏一些！,2,悲伤,2,悲伤,想做毕业旅行却没钱，求打赏显无奈难过,"{""emotion"": ""悲伤"", ""reason"": ""想做毕业旅行却没钱，求打赏显无奈难过""}",是,否,18
体力严重不支且有小小害怕的感觉，这要早几年那是一切刺激的游戏非我莫属的主啊！,2,悲伤,4,恐惧,体力严重不支并说有小小害怕感觉,"{""emotion"": ""恐惧"", ""reason"": ""体力严重不支并说有小小害怕感觉""}",是,否,15
支持世界无车日，现在有了私家车，却愈发想念我的单车了。,2,悲伤,0,开心,支持世界无车日并怀念单车，流露喜爱与欣慰,"{""emotion"": ""开心"", ""reason"": ""支持世界无车日并怀念单车，流露喜爱与欣慰""}",否,否,20
除了工资，身边的一切几乎都涨了，但是我们依然需要坚强的活下去，因为墓地现在也涨了。,2,悲伤,2,悲伤,说依然需要坚强活下去，因墓地也涨而感伤,"{""emotion"": ""悲伤"", ""reason"": ""说依然需要坚强活下去，因墓地也涨而感伤""}",是,否,19
今晚要出席一個少年人的喪禮。為那對父田感到很難過。可以說甚麼呢?安逸富庶的社會，無法鍛鍊出剛強的心!輕視生命，傷透愛自己的人!,2,悲伤,2,悲伤,为丧礼中父亲去世感到难过，伤透爱自己的人,"{""emotion"": ""悲伤"", ""reason"": ""为丧礼中父亲去世感到难过，伤透爱自己的人""}",否,是,20
洛阳亲友如相问，我连对象都没有！,2,悲伤,2,悲伤,以反问表达对亲友询问无对象的无奈与难过,"{""emotion"": ""悲伤"", ""reason"": ""以反问表达对亲友询问无对象的无奈与难过""}",是,否,19
我腿走了晚上再也不能和他玩游戏了节哀,2,悲伤,2,悲伤,说不能和他玩游戏并劝节哀，流露伤感,"{""emotion"": ""悲伤"", ""reason"": ""说不能和他玩游戏并劝节哀，流露伤感""}",是,否,17
害怕过节，心酸的并不是因为找不到人陪，而是没有一些主动需要你陪的对象。所以有人说我们对年龄的恐惧，其实并不在于年龄增长所带来的苍老；而是恐惧随着年龄的增长，我们仍然一无所得。某些人到了某个阶段就特别想要|广州·南天...,2,悲伤,4,恐惧,说害怕过节、恐惧年龄增长没对象，体现恐惧,"{""emotion"": ""恐惧"", ""reason"": ""说害怕过节、恐惧年龄增长没对象，体现恐惧""}",是,否,20
还有伤心的是爱上泡芙先生我重了两斤55555555,2,悲伤,2,悲伤,说爱上泡芙先生后重了两斤，流露受伤难过,"{""emotion"": ""悲伤"", ""reason"": ""说爱上泡芙先生后重了两斤，流露受伤难过""}",否,是,19
为什么我永远是在感觉自己的不对自己的不好。是我真的融入不到这样的境况当中。当你遇到志不同而相谋的朋友时真的好痛苦。可是别无选择🕙🕙🕙🍺🍺🍺🍺🍺,2,悲伤,2,悲伤,说感受自己不对朋友不好，遇志不同痛苦别无选择,"{""emotion"": ""悲伤"", ""reason"": ""说感受自己不对朋友不好，遇志不同痛苦别无选择""}",是,否,22
本想捡个便宜这个Z开头的车跟高铁一样一个多小时到沈阳但比高铁便宜~居然晚点200多分钟,2,悲伤,3,愤怒,抱怨高铁比车便宜却晚点200多分钟,"{""emotion"": ""愤怒"", ""reason"": ""抱怨高铁比车便宜却晚点200多分钟""}",否,是,17
胡猫阿霍: 孙策不与周郎便:生者尚在世，也只有十七年而已，不要忘了。,2,悲伤,2,悲伤,劝说孙策周郎珍惜生命，语气低沉透着惋惜,"{""emotion"": ""悲伤"", ""reason"": ""劝说孙策周郎珍惜生命，语气低沉透着惋惜""}",否,是,19
在阜阳做项目唯一坏处就是晚饭全是馍…,2,悲伤,2,悲伤,唯一坏处是晚饭全是馍，表达无奈与沮丧,"{""emotion"": ""悲伤"", ""reason"": ""唯一坏处是晚饭全是馍，表达无奈与沮丧""}",否,否,18
预告一张。刮着凉风的冬天的天台用发烧彻底击垮了我的装逼技能。,2,悲伤,2,悲伤,描述冬天天台用发烧击垮装逼技能，流露沮丧难过,"{""emotion"": ""悲伤"", ""reason"": ""描述冬天天台用发烧击垮装逼技能，流露沮丧难过""}",否,否,22
我和林子哥睡觉睡不到一块去，买床垫，我要买硬的必须有一面是棕垫，他看上一个全部整个床垫都是海绵有好几层不同的海绵的。我觉得那个海绵软得一塌糊涂，他觉得舒服得要死要活。他平躺睡觉的我侧着睡的。我觉得那么软的床睡觉一百个不得劲但买床垫的时候我妥协了，那个床垫可以卷成一个筒他觉得好屌,2,悲伤,3,愤怒,描述床垫全是海绵且自己觉得软得一塌糊涂,"{""emotion"": ""愤怒"", ""reason"": ""描述床垫全是海绵且自己觉得软得一塌糊涂""}",否,否,19
半夜睡不着，早上起不来，黑色星期二又来了…,2,悲伤,2,悲伤,失眠不起黑五类又来，表达无奈与难过,"{""emotion"": ""悲伤"", ""reason"": ""失眠不起黑五类又来，表达无奈与难过""}",否,是,17
想记录下我们相处日子的倒数正好这个工作号的微博伴随离开也停止使用,2,悲伤,2,悲伤,说想记录相处日子并停用微博，流露不舍与伤感,"{""emotion"": ""悲伤"", ""reason"": ""说想记录相处日子并停用微博，流露不舍与伤感""}",是,否,21
我真的快崩溃了不想看到这种消息了 希望大家都平安 早点战胜这个新型冠状病毒！,2,悲伤,4,恐惧,直言快崩溃并希望都平安战胜病毒，体现恐惧,"{""emotion"": ""恐惧"", ""reason"": ""直言快崩溃并希望都平安战胜病毒，体现恐惧""}",是,否,20
路由器密码改的我自己都快不知道用什么好了气着的只能是自己！！,3,愤怒,3,愤怒,“气着”直接表达对路由器密码忘掉的恼怒,"{""emotion"": ""愤怒"", ""reason"": ""“气着”直接表达对路由器密码忘掉的恼怒""}",是,否,19
仅以此诗献给做梦都想走红的网络诗人猪胱病先生。,3,愤怒,0,开心,以诗献给想走红的网络诗人表达祝福与喜悦,"{""emotion"": ""开心"", ""reason"": ""以诗献给想走红的网络诗人表达祝福与喜悦""}",否,是,19
"又来!!!拜托!!恶心到可以吐!出去讲啦。。又不努力念书,还说努力念书的人不好!无聊,第一次听到这样的歪理!别以为我稀罕跟你住!!滚!!",3,愤怒,3,愤怒,连用感叹号骂恶心、别去住并加粗粗口表达强烈怒气,"{""emotion"": ""愤怒"", ""reason"": ""连用感叹号骂恶心、别去住并加粗粗口表达强烈怒气""}",是,否,23
我只知道，中石油员工数量是美孚的8倍，垄断行业是普通行业收入的15倍。,3,愤怒,3,愤怒,用“垄断”和倍数对比表达对中石油垄断收入的愤慨,"{""emotion"": ""愤怒"", ""reason"": ""用“垄断”和倍数对比表达对中石油垄断收入的愤慨""}",否,是,23
总有一些人，把你气的要死你却不能把他怎么样,3,愤怒,3,愤怒,说总有人把对方气得要死却无能为力，表达被气愤,"{""emotion"": ""愤怒"", ""reason"": ""说总有人把对方气得要死却无能为力，表达被气愤""}",是,否,22
从来没见过这种帮她做事还一直逼逼逼说不是我求你帮我的主，无限心塞，youcanyouup，nocannobibi好吗？自理能力都没有一点叫嚣个啥！劳资真他妈最讨厌公主病没有之一！！！,3,愤怒,3,愤怒,连用逼逼逼、心塞、最讨厌等词表达强烈不满,"{""emotion"": ""愤怒"", ""reason"": ""连用逼逼逼、心塞、最讨厌等词表达强烈不满""}",是,否,20
农民傻啦吧唧被你们指挥着卖命给你们打下了天下，然后继续做奴隶。,3,愤怒,3,愤怒,用“傻啦吧唧”和“继续做奴隶”表达对农民被剥削的愤慨,"{""emotion"": ""愤怒"", ""reason"": ""用“傻啦吧唧”和“继续做奴隶”表达对农民被剥削的愤慨""}",是,否,26
每次都这么逗我有意思吗？真不是我的我就不要了，既然给我了，能不能别再拿回去啊,3,愤怒,3,愤怒,质问对方逗人有趣并要求别拿回去，语气强硬带不满,"{""emotion"": ""愤怒"", ""reason"": ""质问对方逗人有趣并要求别拿回去，语气强硬带不满""}",是,否,23
微博被盗，我已经有半年没上过了，怎么天天刷存在感了？莫名其妙，,3,愤怒,2,悲伤,微博被盗后抱怨天天刷存在感，流露懊恼难过,"{""emotion"": ""悲伤"", ""reason"": ""微博被盗后抱怨天天刷存在感，流露懊恼难过""}",否,是,20
一早上这火就被zhenleader惹火了🔥问卷做的这么垃圾谁有空跟你坐在这儿写个半天神经病,3,愤怒,3,愤怒,用“被惹火”和“垃圾”“神经病”等词表达对问卷的强烈不满,"{""emotion"": ""愤怒"", ""reason"": ""用“被惹火”和“垃圾”“神经病”等词表达对问卷的强烈不满""}",是,否,28
今天特么真是哔了狗了，心情不好也就罢了，刷个本出来还被人开红，被我杀了也就罢了，特么又冒出一个孙子开红！,3,愤怒,3,愤怒,用“特么”和连串抱怨表达对被杀又被开红的气愤,"{""emotion"": ""愤怒"", ""reason"": ""用“特么”和连串抱怨表达对被杀又被开红的气愤""}",是,否,22
气死我了，需要发泄一下，我要发泄……还得努力变强大……,3,愤怒,3,愤怒,直接说气死我了并要发泄，体现强烈愤怒,"{""emotion"": ""愤怒"", ""reason"": ""直接说气死我了并要发泄，体现强烈愤怒""}",是,否,18
老师你是肿摸把转存念成转cheng 的啊！！！,3,愤怒,3,愤怒,用“肿摸”和感叹号质问老师发音错误，表达强烈不满,"{""emotion"": ""愤怒"", ""reason"": ""用“肿摸”和感叹号质问老师发音错误，表达强烈不满""}",是,否,24
大雨天在公交车站牌等个车，碰到一傻逼司机赶死开过，全身都他妈湿透，难以掩饰心中奔腾的草泥马。,3,愤怒,3,愤怒,骂司机傻逼并说浑身湿透难掩怒气,"{""emotion"": ""愤怒"", ""reason"": ""骂司机傻逼并说浑身湿透难掩怒气""}",是,否,15
你就是去趟韩国不是不回来了还把你浪飞到天上去了是不是？？用别人的话说真是千里划船不靠桨全他妈靠浪！不点名说你了给你留点面子毕竟你这样出去让我们很有面子,3,愤怒,3,愤怒,骂对方浪飞上天靠浪，用粗话表达强烈不满,"{""emotion"": ""愤怒"", ""reason"": ""骂对方浪飞上天靠浪，用粗话表达强烈不满""}",是,否,19
[哼] 那些部门能赚钱，你以为他们不知道，在当时TCE RATIO需要达标的时刻，像资产管理和经纪业务这些既非银行核心业务部门，又能卖得出价钱的业务，正好换钱充实资本率。,3,愤怒,3,愤怒,用哼字和讽刺语气表达对某些部门赚取利润的不满,"{""emotion"": ""愤怒"", ""reason"": ""用哼字和讽刺语气表达对某些部门赚取利润的不满""}",是,否,22
昨個回髮廊洗頭結果設計師竟然想吹直我的頭髮！嘿小姐妳幫我用卷的竟敢吹直它妳可以對我沒印象但妳總該看一下吧！嗯嗯我不會再去了！,3,愤怒,3,愤怒,抱怨设计师乱吹直头发并质问是否记错，语气愤慨,"{""emotion"": ""愤怒"", ""reason"": ""抱怨设计师乱吹直头发并质问是否记错，语气愤慨""}",是,否,22
要不是怕明天面试听不到HR的声音女汉子扛扛就过去了才不会来医院被宰小老百姓真是生不起病,3,愤怒,3,愤怒,抱怨被医院宰，说生不起病，流露愤慨不满,"{""emotion"": ""愤怒"", ""reason"": ""抱怨被医院宰，说生不起病，流露愤慨不满""}",是,否,19
哦想揍我妈我刚把菜搞完饭还在锅里煮她就催我去上课,3,愤怒,3,愤怒,说想揍妈并抱怨菜还没做完就被催去上课,"{""emotion"": ""愤怒"", ""reason"": ""说想揍妈并抱怨菜还没做完就被催去上课""}",是,否,18
开了好多窗口，不知道是哪个窗口一直在唱歌，又不能全都关掉，又要听别的东西，怎么破。。。到底是哪个东西没关掉,3,愤怒,2,悲伤,开窗唱歌却不知何物未关，无奈中透出伤感,"{""emotion"": ""悲伤"", ""reason"": ""开窗唱歌却不知何物未关，无奈中透出伤感""}",否,否,19
你們不會發設計圖的那顏色出來的嗎?,3,愤怒,3,愤怒,用反问语气质问对方是否发设计图所选颜色，体现不满,"{""emotion"": ""愤怒"", ""reason"": ""用反问语气质问对方是否发设计图所选颜色，体现不满""}",是,否,24
走神的时候脑子里在打麻将这是什么鬼！！！,3,愤怒,3,愤怒,用感叹号质问脑子打麻将是什么鬼，体现烦躁不满,"{""emotion"": ""愤怒"", ""reason"": ""用感叹号质问脑子打麻将是什么鬼，体现烦躁不满""}",是,否,22
物价上涨压力加大，部分城市房价涨幅过高（涨价太猛，吃不消也）。,3,愤怒,4,恐惧,物价上涨和房价涨幅过快引发担忧，体现对经济压力的恐惧,"{""emotion"": ""恐惧"", ""reason"": ""物价上涨和房价涨幅过快引发担忧，体现对经济压力的恐惧""}",是,否,26
北上广真心看不下去了越看越气。那个于总简直了…,3,愤怒,3,愤怒,直言看不下去越看越气，并骂对方简直了,"{""emotion"": ""愤怒"", ""reason"": ""直言看不下去越看越气，并骂对方简直了""}",是,否,18
群中有个南京的脑白，08年把自住房卖了，准备抄底！,3,愤怒,4,恐惧,说要抄底，暗示对房价下跌的担忧与恐慌,"{""emotion"": ""恐惧"", ""reason"": ""说要抄底，暗示对房价下跌的担忧与恐慌""}",否,是,18
你们完全可以将枪口朝向朝廷！,3,愤怒,3,愤怒,用“完全可以”和反问句表达对朝廷的强烈不满与愤慨,"{""emotion"": ""愤怒"", ""reason"": ""用“完全可以”和反问句表达对朝廷的强烈不满与愤慨""}",是,是,24
能想象和上学期经济法一样嘛，音乐鉴赏也是点了三次三次都被点了，重点是基本都去了，心中一万个草泥马崩腾而过,3,愤怒,3,愤怒,用“草泥马崩腾”形容被点名后内心崩溃,"{""emotion"": ""愤怒"", ""reason"": ""用“草泥马崩腾”形容被点名后内心崩溃""}",是,否,18
我确实没有弄明白这群发烧友长枪短炮的在拍什么？难道是一群疯子,3,愤怒,3,愤怒,质问发烧友拍什么并称其疯子，表达强烈不满,"{""emotion"": ""愤怒"", ""reason"": ""质问发烧友拍什么并称其疯子，表达强烈不满""}",是,否,20
环节不紧密，细节疏漏，人员安排混乱，这样的活动能成功就见鬼了！,3,愤怒,3,愤怒,连串抱怨环节不紧密、细节疏漏、人员安排混乱，用“见鬼”表达强烈不满,"{""emotion"": ""愤怒"", ""reason"": ""连串抱怨环节不紧密、细节疏漏、人员安排混乱，用“见鬼”表达强烈不满""}",是,否,33
爪机也快停电了更苦逼有木有有木有！！！,3,愤怒,2,悲伤,说爪机快停电更苦逼，连用感叹号显无奈难过,"{""emotion"": ""悲伤"", ""reason"": ""说爪机快停电更苦逼，连用感叹号显无奈难过""}",是,否,20
畜生，一个个都他妈的不是东西。。。,3,愤怒,3,愤怒,骂对方畜生并说一个个都是不是东西,"{""emotion"": ""愤怒"", ""reason"": ""骂对方畜生并说一个个都是不是东西""}",是,否,16
🐎币我睡觉的时候能不能请你不要咬我的脚或者拽我被子我正在梦见我的白马王子你特码舔我脚是什么意思,3,愤怒,4,恐惧,用“拽”“舔”等词描述梦中被咬被拽的情景,"{""emotion"": ""恐惧"", ""reason"": ""用“拽”“舔”等词描述梦中被咬被拽的情景""}",否,否,20
哎呀！还是不能挑战惊悚，几年前看的咒乐园想起都心有余悸说明拍的演的很投入嘛！,4,恐惧,4,恐惧,说心有余悸并提到“挑战惊悚”体现对恐怖片的害怕,"{""emotion"": ""恐惧"", ""reason"": ""说心有余悸并提到“挑战惊悚”体现对恐怖片的害怕""}",是,否,23
害怕最近总是做噩梦[惊讶]，感觉做了不对的事情,4,恐惧,4,恐惧,说害怕总做噩梦，感觉做了不对事情,"{""emotion"": ""恐惧"", ""reason"": ""说害怕总做噩梦，感觉做了不对事情""}",是,否,16
外面的雨好恐怖，很多地方估计都被淹了。,4,恐惧,4,恐惧,说雨好恐怖并担心被淹，体现对环境的害怕,"{""emotion"": ""恐惧"", ""reason"": ""说雨好恐怖并担心被淹，体现对环境的害怕""}",是,否,19
做了一个我很恐惧的梦。说去理发店剪头，理发师用推子一推，脑袋正上方靠右的位置推到了头皮，我刚想发怒询问，理发师让我自己看，我就把头稍微一低，对着镜子看到几个黑色的小虫子，我用手抓他们还往旁边没剪的头发里钻，吓得我就醒了，现在码字的状态也是鸡皮疙瘩一身，被子里瑟瑟发抖就像穆赫兰道,4,恐惧,4,恐惧,梦见恐怖梦境后浑身鸡皮疙瘩，被子里瑟瑟发抖,"{""emotion"": ""恐惧"", ""reason"": ""梦见恐怖梦境后浑身鸡皮疙瘩，被子里瑟瑟发抖""}",是,否,21
没发生在身边，其实不觉得害怕，发生在了身边，当天还不怕，现在又觉得有些后怕。。。[惊恐][惊恐],4,恐惧,4,恐惧,发生身边后怕，直接表达对危险的恐惧,"{""emotion"": ""恐惧"", ""reason"": ""发生身边后怕，直接表达对危险的恐惧""}",是,否,17
内心的莫名的恐惧，不知道害怕什么，一直心慌，害怕的一个人一直哭……心脏坏了还是脑子坏了,5,焦虑,4,恐惧,内心莫名恐惧、害怕、心慌、一直哭，直接表达恐惧,"{""emotion"": ""恐惧"", ""reason"": ""内心莫名恐惧、害怕、心慌、一直哭，直接表达恐惧""}",是,否,23
鱼姜: 诸侯鱼: [话筒][话筒][话筒][话筒][话筒] 求转发！不要恐慌！不要一股脑去医院！,5,焦虑,4,恐惧,呼吁不要恐慌和一股脑去医院，体现对疫情的恐惧,"{""emotion"": ""恐惧"", ""reason"": ""呼吁不要恐慌和一股脑去医院，体现对疫情的恐惧""}",否,是,22
