text,true_label,pred_label,confidence
不错！挺快的！菜没凉,负面,正面,0.9824
面包片木有送………,负面,正面,0.6674
还行，就是速度好慢，一个多小时,正面,负面,0.902
要的微辣，但是涼麵超辣,正面,负面,0.9998
菜还行，送餐的路不熟，一个小时才到,正面,负面,0.9995
"很好吃,送餐的很冷",正面,负面,0.9052
不很好吃，微辣就是一点都不辣,正面,负面,0.9821
买完才发现店的地址这么远。。。味道还可以，饼的皮儿有点硬，应该是太厚了的缘故吧。。。,正面,负面,0.923
"这次送餐时间有些长,打电话去催,客服服务很好,送餐员服务也很好,菜也是热的,所以还是五星啦！不过土豆肉丝卷基本没有肉",正面,负面,0.9805
送达时间是下午一点,正面,负面,0.9915
还可以就是有点辣,负面,正面,0.9851
菜不错，但送的实在太慢了……,正面,负面,0.9946
南瓜粥凉了，鸡肉卷有点腻人，建议加些番茄酱。,负面,正面,0.9912
送餐有够慢，说是一个小时，结果快两个小时才到，我总觉得是商家一个小时才出餐，送餐时间也长,正面,负面,0.9998
送餐员服务到位！,负面,正面,0.9995
"送的确实有点晚了,等了一个多小时,但外卖小哥特意打电话说明了,送来的时候饭也是热的,依旧给好评",负面,正面,0.9992
肘子卷好腻，吃完有点想吐……太油了，肥肉太多，没有太肚饿酱料调和一下,正面,负面,0.9482
首先，送餐太慢，缺点！其他包装，味道很不错！用料ok！,负面,正面,0.9808
配送速度有点慢,负面,正面,0.9408
别的都很好，就是汤洒了。。。,负面,正面,0.6647
快递很棒！水煮牛肉不好,正面,负面,0.965
"真不错,点了86元的吃的,还送了只香酥鸡",负面,正面,0.9995
就是送餐有点慢,负面,正面,0.943
味道不错，服务挺好,正面,负面,0.6951
服务很好，套装明明是奶茶，为什么送来是豆浆…,负面,正面,0.9976
有点远速度还行,正面,负面,0.6683
味道不错，可是没有发票！没有发票！没有发票！,正面,负面,0.9998
等了两个小时，都不容易，算了,负面,正面,0.9968
第1，美好的态度让我沉醉！餐哥迈着小碎步态度像一阵风，我这距离本来就远他就迟送了3分钟，送来时一脸抱歉一个劲的问我没迟吧？没迟吧？我心已融化……第二，干净不油腻的包装让我太high！牛皮纸带包装，锡箔纸卷饼，这尼玛干净良心的包装，宇宙卷饼！你们赶紧上市好吗！第三，提一个小小建议，宇宙，你们可以把饼做的辣点嘛！！！我写着辣辣辣！可是还是没有辣嘛！其他一切太美好！明天继续宇宙外卖点起！,正面,负面,0.997
"之前吃过很多次,不知道为什么今天是生的,吃一口只能丢掉",负面,正面,0.9992
"百度外卖，赞。,店家的包装要提高，都洒了！！！",正面,负面,1.0
不错，希望下次能快一点,负面,正面,0.9912
这次好快！第一次吃酱香鸡肉的，不过鸡肉还不是太入味儿啦，然后吃起来略干。,负面,正面,0.9998
"早有耳闻,,结果配送太晚了真是黄太急了，味道还是不错的",正面,负面,0.9945
皮蛋瘦肉粥味道很奇怪_(:3」∠)_我吃不惯的那种...,正面,负面,0.9606
"为何没有发票,为何不开发票",正面,负面,0.8517
皮儿有点厚，肉有点肥,负面,正面,0.983
南瓜粥没我送！送的太慢了,正面,负面,0.9997
"良心商家啊,满满的米饭,太划算了",负面,正面,0.9998
下次注意，希望不要再弄错了,负面,正面,0.9838
羊肉的好吃，牛肉的一般，如果肉里有点酱油就好了,正面,负面,0.998
前俩天会很快。第三天么。。。。。。,负面,正面,0.9988
辣油很重，慎点~,负面,正面,0.9996
专门打去电话改送餐时间，店家也说纪录好了，可是还是11点给我送来了，汗！谁中午饭这么早吃啊！更何况还没下班呢！真郁闷！,正面,负面,0.9997
"历时1个小时40分钟收到餐，而且超级难吃,总言之就是超慢超难吃，谁点谁后悔",正面,负面,1.0
卷饼还是比较好吃的,负面,正面,0.993
不错，够辣,负面,正面,0.9968
小黄鱼贴饼子根本不是贴饼子，，炸窝头！都黑了！什么玩意！糊弄人呢！！！,正面,负面,1.0
那个汤的味道是真心的接受不了，其他的还好，味道比较不错。,正面,负面,0.9941
这次推荐鸡肉的。但备注了酱汁貌似没给哎、依旧干、幸好赠送了王老吉。,正面,负面,0.8158
东西很好吃，送餐速度也非常快，只是窝蛋牛肉饭上边写带汤，可是没给~~不知道是不是忘记了~,正面,负面,0.9867
就是不辣，辣椒酱啊,负面,正面,0.9939
"鸡翅太坑了,那是小腿肉,好少的,菜量好少",正面,负面,0.9998
皮蛋瘦肉粥没味道,正面,负面,0.9864
"不错,就是菜有点时间长了,不新鲜了",负面,正面,0.5462
就是米饭少,负面,正面,0.956
速度，味道不错，配菜没有以前的好,正面,负面,0.9994
盖饭的味道一般,正面,负面,0.9999
这是第二次在店里买蛋糕，第一次订蛋糕的时候3小时内做完给送到公司来了，我觉得蛋糕店做的这么好，想继续在这家买，这次我12点多一点我先打电话确认3点之前能不能送到，店里答应了说会送到，好，我马上下单，下单时间12:18，我们公司6点下班，5:50送到的，只想说堵车能堵到这种程度？？你们送蛋糕的师傅连没有一句不好意思都没有！我真的失望。,负面,正面,0.6994
没有在店里好吃,正面,负面,0.9997
饭很好吃，不过送餐速度真的很慢，我等了三个小时，疯了,正面,负面,0.9993
卷饼还行，粥太难喝，皮蛋瘦肉粥太腥了，还得自己下楼取，勉强好评,正面,负面,0.9278
商家真的很在意备注留言，米饭给的很多，不要辣椒一点辣椒都没放。小黄鱼也没给炸干。就是觉得这次油不太好,正面,负面,1.0
"送得特别快,饼味道一般",正面,负面,0.9983
此次送餐时间还算迅捷，可惜原来的20-13活动咋不继续了呢？,负面,正面,0.9579
酸汤的牛肉面对我来说不够酸，总体都还不错,正面,负面,0.9753
鱼香肉丝咸的不得了，而且很干,负面,正面,0.9978
包装很精美，卷饼味道很棒！我喜欢！,负面,正面,0.9996
"感觉香蕉布丁蛋糕不是很新鲜了。很硬。,其他还好",正面,负面,0.9611
还行吧，料比较少，不过看起来包装还是很用心的,负面,正面,0.9945
我只能说，鱼豆腐是最好吃的！并且推荐！,负面,正面,0.9998
可以吃，就是感觉凉点,负面,正面,0.977
大冷天，辛苦了。新年快乐。,负面,正面,0.9997
菜品一般。快递不错！,正面,负面,0.9991
速度有点慢,负面,正面,0.9764
米饭太硬了，有的还没熟,正面,负面,0.9991
饼真心不是我想吃的那样的,正面,负面,0.9472
吃完感觉不舒服，油是不是不好？,正面,负面,0.8926
经常定，今天不一样了，还减量啦！定两份给一双筷子，以前可不是啊……,负面,正面,0.8465
"送餐大哥很给力,下着雨送来的赞哦,不过菜味道一般,米饭少的可怜",负面,正面,0.9997
"饭一点都不热…,送的很快",负面,正面,0.9991
量太大，吃不完,正面,负面,0.9998
路边摊买的我吃不完，皇太极买的吃完一个还觉得不饱！第一次也是最后一次……,正面,负面,0.9986
看之前的评价都说特别慢，想尝试一下10点15就下单了，结果11点就送到了，惊喜啊～卷饼味道不错，很多肉，好评～同事都说下次也要订一个试试。希望一直这么给力,正面,负面,0.5457
"一般一般,面不是手工削的。不筋道",正面,负面,0.9999
要的鱼豆腐烤焦了。。。而且筷子只有一只,正面,负面,0.9996
给的豆皮果然多，只是肉变少了,负面,正面,0.9996
面有点夹生,负面,正面,0.9752
今天送的太晚了！等了120分钟从来没有过的。餐饮还是很美味的。希望以后提高下送餐速度。,正面,负面,0.999
送餐有点慢，但是味道不错。,正面,负面,0.9904
还不错，挺快,负面,正面,0.94
不错，以后还订,负面,正面,0.997
千万不要定粥，坑,正面,负面,0.9999
卷饼很实在，京酱肉丝都是瘦肉。南瓜粥一般。,正面,负面,0.9763
快递小哥很给力，取到餐就立马送来了，但是餐厅晚了好久才做出来，导致晚了好久才吃到饭,正面,负面,0.9559
还是那个味！,负面,正面,0.9997
东西还可以，但是没有在店里吃的好吃,正面,负面,0.9993
就是有点少。。。,负面,正面,0.9961
感觉有点辣，味道一般,正面,负面,0.9994
"外卖包装需要改进。。。。,。",正面,负面,0.9927
送餐慢了点，餐还可以,正面,负面,0.8846
"送餐很准时，包装太高大上了点。。。锡箔纸卷饼，牛皮纸袋打包,。来说说这个肘子卷饼，肥肉太多,我全挑出来了。。。味道还可以的,但感觉不像是肘子上的肉诶,皮蛋瘦肉粥很好喝,就是相比较其他家分量有点少",正面,负面,0.9512
神奇的店子！大份的卷饼是普通的一倍价格，大小几乎一模一样！赚钱也不是这也赚的啊！,负面,正面,1.0
送的原味鸡米给！不高兴,正面,负面,0.9999
送的挺快，就是加多宝变成可口可乐了→_→,正面,负面,0.9968
请问您给我一根筷子怎么用啊,负面,正面,0.6135
